datetime,PM10 (¦Ìg/cm3),PM2.5 (¦Ìg/cm3),SO2 (ppb),NOX (ppb),NO (ppb),CO (ppb),O3 (ppb),atmospheric pressure (hPa),NAI (¸ö/cm3),PAR (bottom) (W/cm2),temperature (bottom) (¡æ),humidity (bottom) (%),radiation (total ground) (W/cm2),radiation (UV ground) (W/cm2),rainfall (ground) (mm),wind speed (ground) (m/s),wind direction (ground) (¡ã)
2019-01-08,38.89629629629632,40.51333333333334,4.908654224681444,18.811358024691348,1.5873456790123448,936.6808641975308,27.047592592592594,1027.7993827160487,374.22222222222223,31.75,7.359876543209879,87.81666666666668,52.33316534580224,3.5,,0.2955555555555556,230.1683229813664
2019-01-09,29.00377358490568,24.826132075471687,4.960676434069915,14.355566037735858,0.7352830188679245,718.0179245283017,22.04698113207546,1030.5056603773592,473.0377358490566,31.75,5.5801886792452775,88.48490566037734,48.443396226415096,3.5,1.1,0.22499999999999998,202.4171428571428
2019-01-10,14.161497326203225,15.04483870967741,5.16164987245009,21.14930815727276,2.030986458927123,644.8679144385027,11.587470817648613,1023.9866310160428,433.6524064171123,31.75,7.003743315508012,105.46203208556146,48.973262032085564,3.5,0.2999999999999999,0.2771978517279645,239.74491978609632
2019-01-11,14.939130434782594,14.779913043478265,5.101749371654658,31.47546060050003,3.920094247680029,777.2452173913048,6.684608695652173,1019.97,473.8755986323887,31.75,8.401739130434775,106.8791304347825,49.11304347826087,3.5,3.9314918926271667,0.2171428571428572,215.29744860868064
2019-01-12,33.46651583710415,33.69212669683259,4.8133008256833305,28.394208144796377,4.191790158309848,1223.964780848615,5.5147511312217175,1021.8493212669695,402.4027149321267,31.75,6.968325791855197,98.99276018099557,50.45201634982368,3.5,0.36472641570910885,0.3604165349167867,257.53369627271167
2019-01-13,83.15428571428576,73.90708685635038,4.828532437573333,30.768742857142826,1.8613037482273767,1220.0594759072685,18.559877265429396,1024.410285714286,417.13119530874263,31.75,7.103428571428572,82.16685714285718,51.33588951743819,3.5,0.3,0.28672959415442073,224.41034482758633
2019-01-14,74.31533101045298,65.72933267568027,5.6590271505973995,29.999426176672497,1.7348248352579205,1027.598606271778,24.845505226480814,1022.9344947735179,436.7317073170732,31.75,8.074216027874561,85.0564459930314,50.96793490753064,3.5,,0.22694171747632813,176.56376306620217
2019-01-15,78.75892857142864,74.54520518259461,6.078018018018018,26.705446428571417,1.0273214285714285,1109.8438239622499,28.559107142857147,1023.2410714285716,398.55357142857144,31.75,7.66071428571429,102.34821428571426,48.79277880912559,3.5,1.3018691588785047,0.2611111111111112,206.14041392850996
2019-01-16,39.9,32.38,4.1274431381277745,9.03,0.2,769.2,26.34,1028.7,536.0,31.75,4.8,75.5,49.0,3.5,,0.3,288.0
2019-01-17,93.23131613848992,79.16480522397651,4.305083274655039,46.61340976316839,4.852948847735931,1247.347330960854,13.05109794110371,1026.2209964412807,402.51601423487546,31.75,5.158007117437715,65.7131672597865,51.52921560385038,3.5,,0.42584269662921354,161.35968992855925
2019-01-18,92.78132780082971,80.8165455906565,4.754552502330425,37.70092974458542,3.435412626791372,1136.3655601659755,28.115726141078827,1023.9991701244805,419.1033956765972,31.75,7.511203319502072,71.73112033195025,52.23989199738975,3.5,,0.25479962089317043,121.83278008298765
2019-01-19,89.29682531581498,74.91993378883215,4.635084893498374,43.60428833793733,4.117270378877809,1277.8110615080852,15.730462633451959,1019.173309608541,399.1066162954803,31.75,9.38327402135232,83.02277580071177,50.08977020031162,3.5,,0.3282694304192725,220.9076140213157
2019-01-20,123.53463697593538,87.82132210149918,4.25116875138653,32.81028959531415,2.4776273909889173,1321.4732984293196,25.90905759162305,1024.9036649214663,389.24607329842934,31.75,7.7356020942408295,75.43089005235592,52.67847405802806,3.5,,0.40227019558207655,222.65661350783543
2019-01-21,71.32926829268291,50.638414634146365,4.203980010246067,30.561974100366065,3.6117618026752694,1062.2573170731707,21.502929762181363,1024.8487804878052,403.2926829268293,31.75,8.078048780487801,50.6329268292683,54.375373970142476,3.5,,0.47470605832304286,212.08292682926842
2019-01-22,107.24666666666661,77.23630085862813,4.923152045042381,33.847857174095715,3.6883507778941316,1214.942857142857,26.039047098439017,1021.751428571429,388.04761904761904,31.75,9.938095238095233,40.57523809523812,55.392104745976404,3.5,,0.6828366164715445,249.1942307692308
2019-01-23,110.57709914175605,87.57345415576032,4.767957202944619,54.53509120634116,5.801967188237777,1433.5937660139525,12.848933333333335,1021.6551181102358,411.76377952755905,31.75,6.393700787401576,63.88661417322835,51.439563247569524,3.5,,0.4040332198107099,123.32451322831933
2019-01-24,95.86806371733388,71.05151420897852,4.967299835896273,27.38518146483893,1.9416341025136556,1260.7612903225806,35.73461579217786,1022.3058064516132,477.7529951819983,31.75,11.227096774193537,53.55548387096777,53.04491758031991,3.5,,0.2085106382978722,126.92322580645167
2019-01-25,47.30224719101111,29.062022471910108,4.421693016828211,16.848202247191015,1.5509306165681367,1018.9719101123599,32.31016023286598,1026.2966292134836,462.27505156758406,31.75,9.643820224719095,66.63314606741571,52.930026281987196,3.5,,0.36188003597576635,186.6360291011043
2019-01-26,27.951999999999963,19.1855,5.923518745194055,4.769399999999997,0.36200000000000004,877.5169999999998,30.24619999999999,1031.355,481.78,31.75,4.1590000000000025,65.977,48.13,3.5,,0.432960523729882,238.53513179996548
2019-01-27,21.18750000000001,22.544999999999995,6.169133529280837,19.634429723375554,2.7947795482438975,970.8325000000001,25.031052631578945,1029.8050000000005,448.4479589514981,31.75,6.615,63.36999999999999,55.37170998327523,3.5,,0.38999999999999996,138.19
2019-01-28,33.61666666666667,15.746666666666664,4.342869281773145,15.196666666666667,0.5033333333333333,977.4833333333332,11.918333333333335,1022.1333333333333,689.959179029962,31.75,7.483333333333333,87.76666666666667,47.333333333333336,3.5,,,74.5
2019-01-29,58.457627118643885,43.1467995864054,5.047574609985637,18.833644067796598,1.078093220338984,1204.1135944227628,22.47562306313682,1024.1055084745756,592.0188489325205,31.75,9.231779661016946,79.65169491525424,50.464402992176964,3.5,,0.18205128205128196,147.08559322033904
2019-01-30,32.84905660377361,25.714150943396234,5.741452608361322,29.61321934735861,3.1045729030096556,1152.0188679245282,12.307735849056607,1021.4433962264155,666.7547126880786,31.75,11.469811320754719,85.91886792452829,51.10532930649311,3.5,,0.2719415108137815,131.02830188679252
2019-01-31,23.75090252707586,15.705110294117647,4.670580117479726,5.717761732851986,0.4538015378699099,1060.0602888086648,32.39139726678806,1022.6335740072197,440.060338621465,31.75,6.224909747292417,93.2812274368232,49.2703812754911,3.5,4.368926599776051,0.39744164873983706,213.9650295306736
2019-02-01,62.43253968253963,59.91333333333333,6.01654165086445,9.316489336130962,0.8336748094441675,1310.6619705061269,27.429999999999986,1026.915476190477,623.2510497616826,31.75,4.12420634920635,78.71666666666661,51.706613538248114,3.5,4.6582453244134445,0.40484714189211224,224.16076658728812
2019-02-02,60.149268292682905,49.448731707317044,4.934026858486423,10.23990243902439,0.5849756097560972,1342.9483330915705,35.667156306830705,1014.2,503.70452707978365,31.75,11.461951219512196,84.25365853658526,51.91345722978943,3.5,,0.3407894736842104,122.10494234144666
2019-02-03,76.72203389830504,78.7719906970592,5.388601196743648,15.677717164491577,1.73100132152365,1763.3898305084747,14.838220338983044,1018.7855932203395,661.3114798230166,31.75,9.470338983050846,87.3627118644067,51.02821875403846,3.5,,0.5285714285714285,273.89310344827595
2019-02-04,105.89795017033377,51.8008199659252,5.667822599121563,8.569830508474576,0.5827118644067799,1375.1610169491526,30.580254237288123,1023.849152542373,607.5046673033703,31.75,9.85084745762711,66.9466101694915,52.00344903123288,3.5,,0.28909930948398854,141.01525423728816
2019-02-05,47.82777777777776,21.452222222222222,6.553274945364045,6.7236111111111105,0.4680555555555556,1048.0888888888887,32.73833333333334,1018.4138888888888,678.9081591377445,31.75,10.274999999999999,74.325,51.47680295800748,3.5,,0.1571428571428572,119.82500000000005
2019-02-06,40.50909090909089,37.23351327906449,5.534239094607619,9.636868686868686,0.8680409290902047,1322.3030303030303,34.17797979797982,1011.5424242424242,490.9983483695758,31.75,14.829292929292926,80.10808080808081,52.299149081448626,3.5,,0.2585365853658536,131.1487511110416
2019-02-07,35.61302521008405,27.714831932773127,5.1169501454327335,3.512264278900878,0.3801807814704418,1139.1294117647067,33.776464375840966,1019.7567226890765,463.6889022015381,31.75,7.938655462184858,88.58991596638651,48.21848739495798,3.5,0.29999999999999927,0.42623629159698,186.72148394956537
2019-02-08,15.502189781021903,14.289562043795618,5.098499035519464,3.584936692693979,0.3685146933940332,1026.0127737226278,31.439947315147602,1023.5981751824814,456.7959908160411,31.75,3.692700729927004,96.47956204379557,49.42510243268309,3.5,3.751581765886135,0.27699115044247813,188.7443223443225
2019-02-09,14.600000000000001,7.912500000000001,5.0571519613298594,1.729166666666666,0.23583333333333334,1011.8333333333334,30.010833333333334,1024.2916666666667,267.6666666666667,31.75,2.2583333333333337,104.79166666666664,47.833333333333336,3.5,2.011649064882689,0.17142857142857146,191.95833333333334
2019-02-10,21.820645161290336,19.143870967741922,5.535361191936469,3.3793548387096766,0.3709677419354839,1132.8671502178838,30.02277419354839,1028.585806451613,536.0996682297201,31.75,4.081290322580642,87.0632258064516,49.670967741935485,3.5,0.3499999999999999,0.2310810810810811,192.53741935483882
2019-02-11,24.518539325842703,23.49813559322035,4.912553546712285,8.705842696629214,0.9225842696629214,1294.3202247191011,27.541508547472727,1031.483146067416,500.037489914089,31.75,3.4573033707865206,78.19943820224717,51.27228935665598,3.5,,0.3342138973501294,200.7685393258427
2019-02-12,25.525,26.867999999999995,6.187316764640416,8.817125,0.53675,1226.6375,26.376999999999992,1029.38875,655.3142816512166,31.75,5.647500000000002,84.9,49.1625,3.5,,0.30625,146.75641474995695
2019-02-13,10.809999999999999,14.001333333333331,5.610503790791481,3.321,0.30833333333333346,1191.6,39.379999999999995,1027.4433333333332,264.1333333333333,31.75,6.273333333333335,107.73333333333335,48.166666666666664,3.5,1.0428571428571434,0.20000000000000007,199.39666666666668
2019-02-14,26.469626168224288,27.104112149532725,5.188698154321164,7.464579439252333,0.4422897196261682,1334.9018691588785,37.79475253691723,1026.9532710280369,370.9055872318591,31.75,5.771028037383177,102.13317757009345,50.417916820866814,3.5,3.824528301886803,0.25808692119184873,133.44719626168222
2019-02-15,22.696774193548396,22.50935483870968,5.70515395330681,12.186451612903227,0.38483870967741934,1249.4193548387098,23.074193548387104,1022.9290322580642,264.5806451612903,31.75,7.538709677419354,102.28064516129032,47.645161290322584,3.5,0.5260869565217391,0.175,174.02580645161294
2019-02-16,49.48486238532117,43.015,5.729259513608769,6.238577981651372,0.45986238532110085,1398.9193040539997,33.69068129105571,1026.1499999999992,474.35227370466947,31.75,4.626146788990828,86.39449541284398,50.711085563805646,3.5,,0.283905699944251,204.97563677417762
2019-02-17,25.400000000000006,22.108,5.425488627625555,4.462,1.4316051979930253,1258.0,33.114999999999995,1026.69,446.4,31.75,3.9900000000000007,75.26,47.8,3.5,,0.21428571428571433,249.7625
2019-02-18,24.3,22.78,7.35,9.55,0.53,1229.0,30.96,1024.3,689.9591790299621,31.75,6.1,79.3,47.0,3.5,,,123.4
2019-02-19,26.390717299578053,30.714514767932517,6.12206640078651,23.83380010721522,3.0046734657292675,1540.794971661485,8.740522512947733,1018.9219409282699,420.0700922341212,31.75,7.19493670886075,96.8987341772151,50.774309588077756,3.5,1.4139240506329107,0.3974017108030724,262.18185654008414
2019-02-20,41.990229885057516,39.1614367816092,5.7162684908144685,13.318103448275863,0.7170689655172411,1439.9506223205285,16.657586206896543,1022.9942528735637,254.89056999442505,31.75,5.709770114942528,105.31724137931037,48.97126436781609,3.5,4.2736354829718,0.20500000000000007,214.40689655172432
2019-02-21,21.5,26.23,5.08,6.07,0.22,1324.0,38.95,1025.4,263.0,31.75,6.7,107.5,48.0,3.5,,0.1,184.6
2019-02-22,41.65409836065573,52.432008196721334,6.044845612354026,15.418199284467232,0.6603402704506768,1508.7984285555078,28.284508196721298,1021.7340163934418,435.086231007812,31.75,5.6032786885245836,100.54426229508194,50.278936556554505,3.5,3.187777777777768,0.3212467744934069,242.80983606557385
2019-02-23,109.65104257145775,89.59776776893777,4.25253300594651,27.42213389121339,1.6694786186170587,1829.4518828451883,27.526813897280935,1022.3648535564851,483.37033439676856,31.75,7.684937238493714,74.17071129707111,51.75254325632053,3.5,,0.34183673469387776,201.2711848535423
2019-02-24,99.1250263318588,78.354572084536,4.711651253226425,34.65472551373319,2.210029629888685,1956.2114562682768,30.10814420444893,1020.4965277777768,567.7174014998448,31.75,9.376041666666667,62.458305479642796,51.941319157839544,3.5,,0.36458273867846935,174.82752208330908
2019-02-25,78.4017069132048,67.35133348425724,5.209276190889813,38.32051546137243,3.1688179618282875,1334.9788868528049,21.041854838709682,1020.4847222222221,608.2947113003297,31.75,9.135416666666671,70.54270833333328,51.52112244634777,3.5,,0.2567624820169747,144.58923611111112
2019-02-26,49.85902777777779,37.64072916666665,5.418739134286977,14.129393446892381,0.8868265693747586,448.7350694444443,36.1266666666667,1020.6798611111099,614.4908558284842,31.75,9.757638888888886,79.47291666666668,51.368707122351125,3.5,,0.30944881889763776,142.33962909721038
2019-02-27,33.78491228070174,28.94319298245615,5.672029731751342,17.766879387403524,0.7505720210174214,455.5238596491228,27.840912280701758,1017.2814035087707,482.0916553695241,31.75,9.26877192982455,93.54385964912265,49.81870109816327,3.5,1.6543859649122838,0.22499999999999987,186.70781178944938
2019-02-28,33.01666666666679,34.4048263888889,5.174328813078664,18.66854166666667,1.2751745135404549,535.6441547484163,24.821284722222213,1018.8750000000013,585.4147512085937,31.75,9.684722222222213,81.45937500000005,51.23836480862034,3.5,1.8999999999999997,0.27923436229460175,211.4267818749881
2019-03-01,81.63159492938453,67.77025985605563,5.12417137845632,21.165937500000013,0.7539930555555557,706.0910009853192,38.54759903281301,1020.222569444445,618.9608814837983,31.75,9.620833333333325,77.38333333333331,51.186586106465256,3.5,,0.23081505546264,134.82518305550772
2019-03-02,55.61503496503496,54.32876534183318,5.336464354240859,15.927237762237754,0.5185070838809969,590.6947552447557,38.4348549701054,1014.8465034965038,407.6685442300224,31.75,8.034965034965035,95.40104895104905,49.17482517482517,3.5,1.7051643192488215,0.2030089100175136,164.64680540347243
2019-03-03,88.09368421052639,79.90497014880317,4.76567201985495,28.237950660052643,1.906284349468787,756.986666666667,23.2815737594742,1012.0561403508782,602.8396679330314,31.75,9.045263157894736,81.9543859649123,50.51889492014256,3.5,2.2,0.4118631773878151,280.1039058947248
2019-03-04,101.52517318120378,88.51975719598376,4.500378949513979,21.103455946892367,1.228191242951026,824.3687499999995,34.90790126510567,1016.8531250000007,631.0369164190088,31.75,10.978819444444436,68.89861111111111,51.99521476007855,3.5,,0.39882352941176447,211.35659722222223
2019-03-05,91.77404080523478,79.05881534622749,5.225970048860007,19.24108013937282,0.5933206480486592,686.1069686411145,39.93560460435592,1015.3184668989536,494.21183000889914,31.75,10.519860627177708,91.06968641114976,49.30662020905923,3.5,2.2834862385321064,0.2575000000000002,123.3223914982339
2019-03-06,75.60853586635744,72.76448970730436,4.959447770986651,19.378104313989596,0.6738643831703663,847.7366142291704,48.071697013589855,1016.6066202090598,443.49320815957356,31.75,11.815331010452963,87.07003484320559,51.33712004031925,3.5,0.6821678321678297,0.3757087438805567,226.75296167247393
2019-03-07,80.70970559912199,55.79019844414363,4.650863645304436,12.784071428571435,0.8351395641781977,750.8289581563286,45.203596581786755,1023.5221428571427,568.7301734843094,31.75,9.35785714285714,65.1289285714285,51.70349599235425,3.5,0.6999999999999998,0.33444072441857503,185.89784946236566
2019-03-08,27.748943661971822,21.994436619718307,5.629300057011434,13.874208847552831,0.905397978837906,340.58169014084535,38.5039032445428,1021.9764084507044,623.4573128679401,31.75,9.405985915492966,71.62746478873242,52.158221869611,3.5,,0.26170212765957473,135.00572661969414
2019-03-09,33.05304659498213,38.184946236559156,5.188218921162021,42.1161660541408,4.094655084390481,697.8684587813622,10.966154130095472,1014.040860215053,271.72942705505216,31.75,10.999641577060926,102.36379928315395,49.086021505376344,3.5,4.000537758256855,0.23829787234042538,195.93042007217727
2019-03-10,72.88823529411764,86.22604208380028,6.064505344166884,28.300196078431377,2.027040744507752,1164.8923192896464,9.231999999999998,1011.4450980392154,255.92156862745097,31.75,9.93921568627451,101.31372549019608,48.450980392156865,3.5,4.6582453244134445,0.38130424555535164,280.84901960784316
2019-03-11,83.70978260869563,71.77406205334923,4.471994074733576,42.68607567416733,3.828374183824655,759.1913943888256,30.20559405940595,1012.8474637681159,469.2711458733911,31.75,12.912681159420295,71.66557971014494,51.90707448451228,3.5,,0.5912487998783653,236.5880958545205
2019-03-12,102.0569407185828,62.38618263744427,5.012646759671449,26.556044935399523,2.281620943329456,615.0274305555555,34.797201686807576,1014.7291666666658,609.5239484417147,31.75,13.61180555555555,59.87060670817453,51.968009574273914,3.5,,0.5593673534002034,188.32122631943244
2019-03-13,44.18741258741258,21.988636363636374,5.0850602096745146,15.194545454545466,1.1916994824473077,367.11748251748253,35.137237762237746,1022.0790209790205,594.719349982046,31.75,11.919930069930084,58.7895104895105,52.113332438897515,3.5,,0.24955884183287141,133.55778447550043
2019-03-14,29.93204225352109,23.719014084507023,5.118187731703032,17.05132152360918,0.6641549295774654,429.64545170342274,32.05410930598692,1022.5144366197195,415.48612989491954,31.75,10.441549295774646,83.36830985915492,50.77923450350879,3.5,0.29999999999999905,0.27962962962962973,133.39053936618515
2019-03-15,55.848263888888965,51.32993055555557,4.778319382913254,28.677887384739808,2.691490262286096,588.879166666667,28.535522962852635,1020.9295138888888,436.50552625960995,31.75,13.757986111111112,64.96590163908726,51.9968747133951,3.5,0.3,0.42685582758855,190.1190972222223
2019-03-16,52.40208333333331,35.745798611111105,4.46643804123902,24.01033094689237,2.3358182282955817,536.898292651986,42.88762862118155,1020.5999999999999,560.4666223277295,31.75,14.701388888888895,50.32437424087301,52.05481512982947,3.5,,0.2979736024055664,131.91777003484327
2019-03-17,89.74374942679036,76.98736088989955,5.347788235549589,32.245873495850915,3.046644664436692,767.0899593186526,42.55307080683602,1019.9298611111107,514.4295610090768,31.75,15.753472222222253,65.42034494484126,51.877159204523,3.5,,0.2476120102392568,119.36458333333329
2019-03-18,36.23958333333323,34.840451388888894,5.080262927922866,16.9976410604514,0.5277535624651569,488.71076388888935,38.35131431059079,1016.5861111111107,405.0588844582158,31.75,12.746874999999989,86.1722222222223,50.215850369750925,3.5,,0.273926100942526,148.60383275261313
2019-03-19,36.89305555555548,33.930486111111094,5.224469677988099,23.81350694444445,2.7984063874951555,528.9174186373054,37.13878132886084,1015.0305555555547,494.19635595231216,31.75,14.836805555555552,66.33125000000004,52.08389040714267,3.5,,0.36381639813266226,114.3371527777777
2019-03-20,45.91493055555557,33.008159722222246,4.76060987304813,28.356158703257556,2.1488577763840433,734.3618343186525,41.78561808463374,1004.0076388888891,442.10508599817877,31.75,18.968402777777793,78.35381944444435,51.17239258639812,3.5,,0.37987980842217384,155.16562499999998
2019-03-21,65.92889702455457,41.42000000000006,5.113728641562446,24.86987008050191,2.040806536631609,1004.615289404681,28.19010563380282,1012.4912587412583,406.3614228449878,31.75,14.597552447552463,85.52167832167831,50.707870113899055,3.5,1.5322834645669268,0.3096046926117321,191.5919014084506
2019-03-22,26.887108013937276,41.42000000000006,4.806454235804751,14.960871080139372,0.8492945544531951,262.9505515114007,39.67361854163817,1021.3742160278748,616.77245043169,31.75,9.820209059233438,67.7006968641115,51.557359668813795,3.5,2.2,0.29864941522018706,180.12557055942858
2019-03-23,30.715679442508645,41.42000000000006,4.74522703499501,31.28610191923351,2.31258466118292,429.8303424521674,38.57501226986111,1024.5592334494784,562.6219857868567,31.75,11.988850174216033,54.8302856381085,52.211073115027716,3.5,,0.31121237936753476,181.1118926132285
2019-03-24,43.19508771929813,44.215403508771956,5.181250388333125,26.35672039545611,1.1950720473801215,368.07511678516465,45.20985964912284,1021.2484210526319,529.0516281602731,31.75,12.173333333333334,61.221754385964964,51.942899079268734,3.5,,0.291729323308271,137.0824561403507
2019-03-25,57.551219512195026,62.6148014442114,5.8846553010374025,42.19302489007077,2.0406585242731357,521.7919860627176,28.69567944250873,1016.5407665505235,484.8888553435377,31.75,12.518815331010458,82.32473867595822,50.85295232913342,3.5,0.2999999999999988,0.2875624645788897,122.15474975608532
2019-03-26,77.51733333333337,69.7334777215477,4.812718095001637,55.59813346453547,5.322005032908682,648.8253885584799,8.116466666666668,1019.2786666666669,383.4227198811232,31.75,13.445333333333329,84.90933333333332,52.446011367668405,3.5,0.3,0.3407407407407408,170.47750906662077
2019-03-27,51.372685185185304,54.479166666666686,4.643325672400798,41.641137200232286,2.183320254892132,529.7800925925926,34.00800241412106,1012.8694444444444,580.7301554195092,31.75,17.000462962962953,72.69629629629623,52.423334682892246,3.5,,0.2829545454545455,125.86527777777775
2019-03-28,66.52640786942132,72.05271384284887,5.068477510801471,48.71851241056478,3.7398407000789575,760.407775647085,16.230878167668347,1010.7214788732396,317.2303097963678,31.75,15.246126760563381,97.11056338028175,51.570657083234245,3.5,0.5500000000000004,0.21439886267951053,136.94471830985904
2019-03-29,64.34417177914104,62.89043920341079,5.006954673174964,35.34884013125805,2.4492447271805973,490.5748974464537,27.82858895705521,1011.6754601226993,387.13647054164613,31.75,15.183435582822076,89.60490797546007,52.64586125776969,3.5,0.6999999999999998,0.22592592592592595,145.4386503067485
2019-03-30,81.95925257676818,72.28261203538194,4.427010764160046,44.63157066746834,3.016924920912354,606.8799239205972,19.445055334091855,1013.5571428571426,546.1761169340671,31.75,15.235064935064933,86.23441558441561,52.6856399031387,3.5,,0.4065573770491802,148.81242324673096
2019-03-31,30.497894736842067,14.759858657243823,5.1463347055842945,19.578982456140363,0.7531081081081079,252.31198795629464,42.40202989982511,1023.9922807017538,516.0869311259607,31.75,12.457543859649123,43.48916406845114,52.34588766320336,3.5,,0.2623762376237625,148.06184687716888
2019-04-01,27.460082304526757,24.06683127572018,4.532611591849458,28.70874614281893,1.4643046859793662,295.2296637192262,44.4676131687243,1023.3004115226333,488.1130424995452,31.75,14.323045267489714,43.4816904348972,53.261637794292,3.5,,0.3648973836057239,138.65226337448556
2019-04-02,40.514134275618424,31.06233215547703,5.131720585208983,32.898397750971796,0.9233944644437398,405.5533568904595,41.43918205459418,1019.7166077738516,519.3998694570612,31.75,14.810247349823323,61.32049469964667,51.989169650068995,3.5,,0.25353535353535367,118.75380339220187
2019-04-03,57.19722222222221,54.13461805555556,4.943206454730263,45.130678214670915,2.7325729313642335,485.7059027777775,24.909652777777772,1021.4937500000001,607.4378515835565,31.75,15.999305555555562,71.98402777777774,51.84751133523665,3.5,,0.3298007682103973,126.79722222222222
2019-04-04,38.24062499999998,42.45965277777781,5.0700039948269096,25.048368055555564,0.44396239980885965,387.4972222222223,36.518194444444426,1017.8329861111114,494.95152825824385,31.75,14.12916666666667,85.20729166666666,51.891352724590135,3.5,,0.3069652659707411,122.08501742160274
2019-04-05,65.67013888888889,68.24651697140374,4.752172769003198,34.841410604514095,3.0537548453645247,591.5000287630972,40.91502864845523,1011.3986111111112,463.8615347494663,31.75,18.638541666666676,66.98055555555555,52.29678332404163,3.5,,0.3655824532441347,197.19442508710802
2019-04-06,61.378125000000054,60.977898966156154,4.832080937388962,31.032395833333332,1.384761904761905,611.1205436373052,46.84304015399462,1008.4809027777774,612.7160537897305,31.75,20.497222222222245,63.23368055555558,52.47697642581605,3.5,,0.8148802329384403,138.65818815331002
2019-04-07,82.84932684755162,68.76671679599654,4.820359899308575,36.00120213842776,2.272227035178726,783.6590379792733,47.28157148913291,1006.7133064516125,506.259707770583,31.75,23.035080645161308,62.028967565622125,52.98872703284982,3.5,,0.8910503801769152,222.06508507558343
2019-04-08,91.08052492462551,67.5729088573558,5.2468144022202265,36.151756752344134,2.112364726851682,889.2696704191077,44.45465426737126,1008.8177083333339,689.2197374361115,31.75,21.8961805555556,73.20763888888888,52.321813787159456,3.5,,1.0194235557164395,137.78586396685685
2019-04-09,55.18350877192981,38.81288973384031,4.949260922226957,18.44343859649121,1.536245614035088,521.1080701754386,34.660491228070185,1003.2592982456135,315.9414959306259,31.75,20.614385964912287,88.8575438596492,51.168654777679045,3.5,4.658245324413439,1.0773236452764565,188.24756446807288
2019-04-10,23.51914893617023,21.74425531914893,4.66609959892992,19.176666666666666,1.4575177304964533,333.37588652482276,34.751241134751794,1014.7397163120562,657.7540123177698,31.75,11.753191489361706,81.41347517730499,50.730554425943204,3.5,4.6582453244134445,0.8856296317438677,226.62744903913372
2019-04-11,29.17608695652177,24.090000000000003,5.186429061959774,24.132478260869572,1.359652173913044,317.31,38.54860869565213,1014.585217391304,645.926704682755,31.75,11.985217391304348,74.11304347826086,51.65726521011953,3.5,,1.1895613311033608,354.7579498668687
2019-04-12,54.92985074626873,55.959850746268636,5.125884899483703,38.80864627632548,2.810469281035926,498.2070895522389,39.527649253731354,1017.3298507462688,590.1427789831183,31.75,14.878731343283585,62.410074626865665,52.87389665726405,3.5,,1.189561331103357,367.51317999656015
2019-04-13,32.43994880024049,29.73802575107295,5.955973710383718,22.812618025751078,1.4410300429184542,322.0394849785409,41.88896995708157,1015.5403433476394,626.4770046224622,31.75,15.601716738197425,72.00386266094421,51.464701223246614,3.5,,1.0545390478017924,277.0671369075829
2019-04-14,53.80347222222217,50.14223694083376,5.212425497454671,27.416113305451738,2.1734022835723894,521.0083333333338,33.55204861111112,1016.420833333334,481.340630151373,31.75,16.533333333333342,76.3204861111111,51.978368418337695,3.5,,0.3290961947314985,113.94587909721034
2019-04-15,50.390277777777655,34.40704861111114,5.7664827888286245,27.785022790017422,1.837386228853077,393.39791666666645,41.64017361111113,1018.2152777777782,581.7879085953632,31.75,16.463194444444465,53.962676304444386,52.34575688893388,3.5,,0.2807535491638738,98.80937499999993
2019-04-16,38.47465277777772,19.68239583333332,5.773081590547295,24.576458333333317,1.4301041666666665,350.75000000000017,41.13267361111109,1012.2736111111109,604.7530438436212,31.75,16.203472222222242,68.07013888888886,52.175560177442094,3.5,,0.2606889333161799,99.25659722222224
2019-04-17,50.67395833333347,55.07829861111108,5.21051094455776,32.79725694444445,2.1142484228794007,511.45208333333335,37.49277777777777,1009.7809027777782,531.3867604265765,31.75,18.39201388888891,77.07638888888891,52.52247776848608,3.5,,0.22289156626506024,77.62925819442052
2019-04-18,62.319820291363335,51.68281250000002,5.304038807553232,29.515555555555565,1.502256944444443,594.8385416666669,52.150639461647664,1007.3277777777777,664.8131334824333,31.75,22.425000000000026,66.8878472222222,52.42214577782276,3.5,,0.22987012987012978,85.96559707314674
2019-04-19,60.53923611111097,53.724548611111146,4.97944750127851,29.454444444444455,2.055736472082847,494.7590277777779,28.889097222222226,1008.6024305555547,345.63151843596535,31.75,20.83888888888891,86.50625000000008,52.545848278287345,3.5,,0.21499046371963823,71.9108013937282
2019-04-20,30.644097222222154,21.539686411149823,4.986318868478894,17.778090277777782,1.630868055555555,367.6913194444447,30.471319444444436,1007.9385416666672,506.8015140052928,31.75,21.637500000000024,82.9142361111111,52.62513679742531,3.5,,0.2863187110367789,88.36550522648085
2019-04-21,37.33263888888892,26.71489583333333,4.856013576341857,26.541164280225708,2.2848661174632188,387.2534722222223,18.01947916666667,1006.4555555555564,276.67495724114383,31.75,20.75555555555561,93.7315972222222,50.6340824967479,3.5,0.4964912280701751,0.1949800605046982,59.32152777777781
2019-04-22,19.695833333333375,14.926944444444437,4.804835832885618,27.873611111111128,2.9851868253087464,367.5479166666666,13.404479166666668,1007.6267361111109,252.11111111111111,31.75,19.250000000000043,104.14513888888887,51.18109147714535,3.5,0.8129411764705861,0.3127944758719087,63.96062717770035
2019-04-23,62.955555555555556,44.08662020905924,4.955466667085505,39.66459419114593,2.9457240743331288,737.7215277777782,17.353159722222216,1005.1847222222212,254.63888888888889,31.75,21.955555555555563,95.34305555555551,52.47785364896744,3.5,4.513052843365558,0.2661971830985915,132.44668989547048
2019-04-24,125.08642340333262,79.14671612266426,5.185592571475622,51.85974622330079,4.154539328873383,1121.6097222222224,9.836901408450704,1005.0864583333328,283.14314028322656,31.75,22.028472222222256,91.33437500000001,51.571488003761665,3.5,4.6582453244134445,0.27369516638792013,102.37400409721022
2019-04-25,56.93437500000006,49.00508780439482,5.4317890611631565,35.257391535764576,2.821526789367005,499.76111111111106,23.91059027777777,1006.7107638888878,533.2154876218534,31.75,20.426041666666695,82.47812499999998,52.611610362317556,3.5,,0.31470042758880606,110.43907031357688
2019-04-26,75.17951302907488,26.831707317073178,5.069180784690934,24.267222222222223,1.6362152777777783,334.62361111111056,33.38972222222222,1014.8874999999994,667.1716228081974,31.75,14.374652777777783,80.51770833333333,50.66128768255253,3.5,,0.28898746660295344,132.81006944444457
2019-04-27,30.038541666666713,16.50326388888888,5.972636281420629,18.46086805555556,1.330868055555555,216.59930555555562,47.12913194444448,1017.2309027777782,605.3812333769258,31.75,15.660763888888884,64.42187500000001,52.4225082316039,3.5,,0.2937495037090986,103.93754576387687
2019-04-28,41.5552083333333,42.03489583333335,5.1105671304897955,30.36850587005229,1.9525178123257834,393.7517361111111,24.785694444444466,1012.4333333333337,662.1162089921214,31.75,17.27534722222223,89.30520833333344,50.4399426834817,3.5,,0.2973200814961241,105.20522648083625
2019-04-29,37.8961805555554,43.56614639277571,4.697831837279791,33.05231882258729,2.6279074704103698,362.535763888889,14.169652777777772,1008.6545138888885,400.6823965887038,31.75,17.132986111111126,98.18888888888904,50.08644310177442,3.5,4.163535045218503,0.24159875261623745,103.26250000000003
2019-04-30,24.116666666666696,28.947256944444444,4.757718174849344,26.186337914114997,1.9120408114895422,360.33020833333353,24.135923344947745,1008.9878472222229,563.2156998360522,31.75,15.066319444444455,98.37430555555555,50.18879749953541,3.5,4.6582453244134445,0.2035714285714286,115.41631944444443
2019-05-01,79.76631887123506,62.11169473112804,5.485157969778663,38.14724617774441,3.3369027390485706,673.8361111111118,32.54711292170188,1010.3559027777769,689.9591790299655,31.75,18.296875000000032,73.88888888888893,52.340204437011074,3.5,,0.2903426195553734,127.09657354165464
2019-05-02,69.15937499999998,33.15687499999999,5.236229231301986,41.52389766625156,3.1635634969337847,409.55208333333326,28.775937500000023,1014.4197916666659,584.5468366024767,31.75,19.334722222222247,52.529576880753915,52.58974749024371,3.5,,0.24969298032656942,108.60789512189132
2019-05-03,51.26874971339533,26.724826388888893,6.001498774555256,40.62300894668483,1.9775945621864095,364.0031249999998,35.12506944444444,1016.3871527777768,604.5982825031746,31.75,21.096527777777805,44.71036824376991,52.54953063870158,3.5,,0.1952380952380952,69.40729166666668
2019-05-04,43.527083333333245,30.198125000000022,5.178774047271329,30.854894758941114,1.4582364720828491,376.83819444444487,48.74812500000003,1014.8517361111103,590.503540326819,31.75,21.960069444444454,40.87636831968273,52.5571999907083,3.5,,0.28020785502398626,84.32638888888886
2019-05-05,49.710763888888955,42.28611111111111,5.98680160681443,17.418020833333337,1.3065277777777773,405.19097222222206,53.46177083333334,1012.4930555555558,645.8854127164633,31.75,21.130555555555564,66.26805555555558,52.6251946200282,3.5,,0.2216666666666666,75.22832167832163
2019-05-06,43.460278745644715,21.647508896797135,4.857952885253394,14.28358885017422,1.235923344947735,242.20766550522652,45.768780487804875,1017.2658536585353,650.3963551795164,31.75,17.23832752613241,59.5829268292683,52.529026565437476,3.5,,0.33055555555555566,131.51254355400692
2019-05-07,29.447222222222226,13.719826388888883,5.810915023698139,21.710453560451406,1.524392812325783,235.41805555555553,42.40618055555553,1016.8041666666663,582.0057368937273,31.75,17.23680555555555,44.68001335749998,52.50236934271501,3.5,,0.27589912116144016,94.86180555555558
2019-05-08,31.850000000000104,18.176759581881544,5.984726361725477,20.03684027777779,1.225243055555555,317.3934027777777,46.13618055555557,1011.1624999999999,623.2506350625142,31.75,18.333680555555553,58.48645833333333,52.36710499163746,3.5,,0.24217386321927387,104.41694781688929
2019-05-09,48.93576388888887,38.221215277777745,4.828245587054343,27.77697916666665,1.3989236111111116,490.89999999999964,53.751210693604285,1008.7496527777787,630.4229697282713,31.75,20.58993055555556,64.24131944444444,52.821813787159456,3.5,,0.2622100369750935,94.88989547038322
2019-05-10,50.89268292682925,38.298013937282185,5.283236045972313,24.420487804878054,1.311951219512195,467.05818815331014,54.38664895733491,1009.9250871080135,639.9396962328639,31.75,21.489895470383303,65.88606271777005,52.55653741321112,3.5,,0.25161290322580643,92.42816901408453
2019-05-11,54.67282229965149,45.13191637630661,5.083543294822796,27.036898954703837,1.4136933797909412,506.8487804878048,54.39905097634535,1010.8268292682926,657.792714323,31.75,23.088153310104556,60.60487804878049,52.74968793469369,3.5,,0.2076923076923076,101.27342657342655
2019-05-12,50.5564285714286,37.97346428571426,5.575074257933766,22.80350000000001,1.3333214285714292,458.3857142857145,50.42219316357348,1010.7946428571427,647.6928530797906,31.75,23.40035714285717,58.1014285714286,52.69886560964972,3.5,,0.24137786663235927,83.8376816487332
2019-05-13,30.37456445993035,55.63461275134077,4.994370225055998,23.914878048780498,1.4169686411149827,438.3648083623692,36.18668989547039,1009.5358885017415,550.3389715563176,31.75,20.374216027874567,73.86132404181191,50.93485226131183,3.5,,0.17999999999999985,100.5730769230769
2019-05-14,24.86898954703831,32.035171160934375,5.075293032046857,17.975191637630665,1.3856794425087096,444.70383275261315,35.9877351916376,1009.650174216028,633.4127104286122,31.75,19.863414634146356,80.394425087108,52.195412071596365,3.5,,0.29110323051192627,88.89342571427369
2019-05-15,22.39824561403508,21.44189473684211,5.7831929824561366,21.318280701754386,1.7765263157894744,419.4905263157895,21.660526315789475,1007.6736842105263,252.7017543859649,31.75,20.385263157894784,92.23508771929829,50.63975372974222,3.5,,0.19374999999999992,82.87746478873234
2019-05-16,59.7424657534247,34.703767123287676,5.822808219178084,29.058702913767156,1.8392195341091115,526.567808219178,17.796917808219185,1004.4474726809232,274.041095890411,31.75,21.647945205479473,92.3835066995695,48.15824922389703,3.5,4.6582453244134445,0.3179122662206722,69.32817246572985
2019-05-17,28.006315789473614,18.5270652173913,5.8708070175438625,27.929268678474333,2.7150114859940015,517.2150877192984,16.07371428571429,1001.6929824561396,253.8140350877193,31.75,23.22807017543861,90.6473684210527,51.846580298303365,3.5,,0.3111506665354918,90.43057256139144
2019-05-18,61.29059233449488,35.384285714285696,5.996620209059233,25.919205143658615,2.507554054385502,601.6236933797906,20.30435540069686,1002.3571428571439,302.22292500260977,31.75,22.12648083623697,83.9550522648083,51.362390563899744,3.5,,0.29020343257666736,136.64585027970824
2019-05-19,82.35141751358552,69.22373782086434,6.139548611111112,33.13614258737863,2.3003143048586865,638.5375000000001,22.579131944444438,1004.4597222222224,274.31760183121355,31.75,22.545486111111128,80.81770833333337,52.26106823346223,3.5,,0.17777777777777778,97.25370445991844
2019-05-20,80.46111053790173,28.556327272727238,6.606840277777778,24.95270833333332,1.5743055555555556,391.3996527777777,35.15701388888888,1009.3430555555559,520.4513865187657,31.75,22.109722222222224,50.72149992408726,52.1702756863142,3.5,,0.3066565823242153,109.58580965276573
2019-05-21,56.94965277777788,31.684166666666677,7.368140005216282,36.879395641233025,1.909095825587492,441.17013888888886,47.63615543596742,1008.9392361111107,610.0928964029615,31.75,22.830208333333353,38.022953702658896,52.63488637913261,3.5,,0.31197320144069624,137.79127431577734
2019-05-22,61.913888888888856,41.60055555555556,7.255871023786322,31.5315169427433,1.436896013819202,572.2961805555561,59.41927706654744,1006.749652777778,644.7528308393827,31.75,25.071180555555582,45.13651024507939,52.60436128669487,3.5,,0.3068132077906675,143.24220620207865
2019-05-23,82.16319387123491,61.11988663609665,7.220050517186721,39.99538413878511,1.3646527777777777,702.7288194444444,60.46234167505694,1008.5829861111106,637.9484796743805,31.75,26.73611111111117,47.7657455970635,52.519005546263855,3.5,,0.2788180340450872,120.71293790939568
2019-05-24,58.90937499999997,39.82447916666664,7.009665604511516,31.198965945191237,1.43653828468738,552.5079861111112,54.58443202207051,1009.4260416666663,632.8340380805263,31.75,26.76701388888891,46.028382967698455,52.64291818492045,3.5,,0.29416385468656026,121.99969643355449
2019-05-25,41.118287937743204,26.163888888888902,6.315680933852142,14.572723735408575,1.3548249027237351,500.5237354085603,39.272607003891025,1007.9505836575885,361.7952029618616,31.75,24.848638132295758,71.4587548638132,51.989463182591805,3.5,,0.37024684754877757,157.69011857707525
2019-05-26,35.745041322314,18.71202479338843,5.901611570247929,10.703842975206616,1.2788429752066113,519.2681818181817,29.43979338842974,1004.7524793388429,363.9936739663534,31.75,21.981818181818177,101.82644628099165,49.34710743801653,3.5,4.291154337844067,0.2864912271478138,151.2296382499857
2019-05-27,55.02568203882428,27.26491103202848,5.855302491103199,14.460106761565832,1.902863799711825,576.4355871886119,30.19854092526692,1006.6017793594311,276.30723541045285,31.75,23.078647686832785,86.73024911032034,51.436785760362966,3.5,0.3478928057627831,0.34461538461538466,148.10320284697505
2019-05-28,38.44732816029969,9.626321428571432,6.097560975609759,14.928850174216027,1.2447386759581875,337.97979094076646,45.88390243902441,1012.9965156794427,641.2699014009221,31.75,21.92996515679445,46.28466898954705,52.742355576892415,3.5,0.3,0.3051707380554172,120.16968641114981
2019-05-29,44.140363636363574,23.319199999999984,6.4909454545454555,46.012589861437775,3.147703240279237,550.980363636364,24.272727272727273,1011.5789090909102,604.5754327843387,31.75,22.72145454545456,43.84741659179223,51.881061956094875,3.5,,0.18484848484848476,111.43459338180568
2019-05-30,33.38954703832749,23.346689895470384,6.4254006968641155,30.04111498257839,1.4177700348432054,464.52299651567927,40.152857142857144,1008.4912891986066,628.823575787706,31.75,22.227874564459984,55.909756097560965,51.80547386176826,3.5,,0.29146102724929046,111.2672473867596
2019-05-31,76.9585365853661,66.4748886708249,6.147421602787458,30.445300525505267,2.018962940277045,771.9247386759586,35.84979094076658,1008.3637630662016,289.3350796641867,31.75,20.677700348432086,84.87177700348437,51.899608540895905,3.5,2.1318352059925068,0.22380952380952385,107.71637630662018
2019-06-01,38.36520146520148,43.28670159915186,6.049267399267395,22.261684981684983,1.3923443223443224,486.5446886446889,39.062271062271044,1007.0761904761898,650.5981063480804,31.75,21.190109890109888,79.63919413919412,51.795498162371764,3.5,2.2,0.21442819744827266,89.31098901098893
2019-06-02,30.381533101045374,20.646341463414622,5.90878048780488,17.399008058205588,1.2554809267943028,431.3944250871079,46.430905923344945,1004.160278745644,656.8523744725127,31.75,22.707317073170753,71.52020905923352,52.26567306981332,3.5,,0.23892428058438736,101.50215908449493
2019-06-03,37.52638888888884,30.81413194444444,6.016805555555556,15.27895833333333,1.2869444444444436,454.6656250000001,46.8075,1003.9878472222214,522.6986934686581,31.75,24.121180555555593,72.81319444444446,52.621359944024846,3.5,,0.3056684386774279,95.92847222222223
2019-06-04,58.34374914018583,32.63881944444442,6.029583333333331,19.083472222222213,1.2925694444444438,538.9027777777776,48.00377986320863,1005.2531249999998,344.9990070336035,31.75,25.937500000000025,71.321875,52.493975083146026,3.5,,0.25516490648826884,96.87152777777776
2019-06-05,59.07535211267607,37.32822916666668,5.984791666666671,16.15225694444445,1.3433333333333328,606.2330436373048,45.36875000000003,1006.6868055555551,251.8125,31.75,26.005555555555553,79.23263888888891,52.83352795336154,3.5,,0.2571428571428571,101.74829783215583
2019-06-06,,23.145331010452953,5.852473867595822,14.649372822299645,1.478641114982579,551.355400696864,29.383240418118454,1000.8529616724736,254.45644599303137,31.75,27.36062717770038,77.44041811846685,52.122757902880814,3.5,,0.4661519411842597,169.8273684210526
2019-06-07,,21.318298611111125,6.139236111111106,14.271909722222226,1.1799305555555555,510.5739583333333,43.26048611111111,1006.7288194444441,429.3395675002984,31.75,23.685416666666686,70.63749999999996,52.228578556529705,3.5,,0.3460221817628937,134.80191916661886
2019-06-08,,26.614444444444445,6.029270833333339,11.50482638888889,1.130590277777778,492.6972222222222,51.5507291666667,1004.9770833333337,255.23263888888889,31.75,24.375000000000014,74.17222222222227,52.6196999907083,3.5,,0.21184210526315783,89.81458333333333
2019-06-09,,25.80652777777778,5.955312499999997,11.879722222222222,1.1942708333333334,507.3923611111113,48.88184027777776,1001.1746527777777,253.06944444444446,31.75,25.156250000000025,77.51006944444447,52.538541380061766,3.5,,0.22868293713343057,93.74999999999993
2019-06-10,,39.12898954703831,6.162961672473866,21.22430858371085,1.348885017421603,671.8536585365856,38.31034843205579,1001.6341463414631,254.1951219512195,31.75,24.557839721254407,83.02229965156803,51.272736533158394,3.5,,0.2699999999999999,110.13170731707316
2019-06-11,45.05894736842106,31.635744680851055,6.065780141843974,13.985354609929066,1.1129432624113476,485.7379432624115,45.46031914893615,1005.5542553191483,359.1572575778277,31.75,23.964539007092217,73.51347517730497,52.70772334756367,3.5,,0.3206310106807536,101.72638142347525
2019-06-12,24.240766550522636,18.835964912280705,6.095923344947736,13.669407665505226,1.1734146341463398,444.88362369338023,41.386480836236935,1007.3296167247382,499.96750086983974,31.75,23.190940766550547,72.29547038327526,52.63485820260193,3.5,,0.21168831168831145,94.5452961672474
2019-06-13,27.60263157894745,24.129548872180443,5.975526315789477,13.817857142857141,1.110451127819549,511.86475508013535,37.703646616541356,1005.0601503759403,304.92283990255305,31.75,21.316165413533877,86.98759398496234,50.78959889405738,3.5,1.3102040816326537,0.1666666666666666,85.34118181130765
2019-06-14,25.254703832752618,19.682932862190835,6.139024390243902,15.518362369337996,1.14658536585366,493.2299651567941,43.01344947735196,1002.6696864111499,544.9833973121937,31.75,21.732404181184695,78.71672473867594,52.68457699416024,3.5,2.116140350877193,0.27333333333333326,115.45104895104897
2019-06-15,74.31125489786636,44.699003984063616,7.07940579621698,27.440743280976147,1.7501577600366438,775.4505976095618,55.02435738134825,1003.2581673306771,484.7932330023717,31.75,25.54940239043826,67.87689243027891,52.21398240909147,3.5,2.2,0.24482758620689654,105.16504525893673
2019-06-16,98.83359238862761,39.55999999999998,6.183596105894826,23.484166666666646,1.102465277777777,845.6631944444438,70.72882838200542,1005.6673611111112,362.80286171540723,31.75,27.350347222222254,65.3833333333334,52.50998087211883,3.5,,0.14375000000000002,97.34076655052262
2019-06-17,49.61971801921777,39.55999999999999,6.492488594350916,21.656091549295766,1.1689084507042249,670.8869718309859,45.031866197183085,1007.8045774647885,533.3737397078652,31.75,27.114084507042275,56.93204225352106,51.89224093174316,3.5,,0.3843736798662017,161.14233879428966
2019-06-18,22.67481751824825,39.56000000000001,5.775218978102186,20.342189781021883,1.2304379562043788,751.6569343065697,22.458357664233585,1004.3051094890508,276.4774657929151,31.75,22.53686131386868,102.61569343065692,49.87324559553735,3.5,4.35477572746505,0.21034318124742724,125.09124087591238
2019-06-19,80.65583264548185,39.56000000000002,5.796333333333336,18.76883333333334,1.2109999999999996,880.6066666666665,19.92891666666668,1003.3441666666665,251.86324786324786,31.75,22.92,106.07750000000003,50.79752910702276,3.5,4.6582453244134445,,110.9041666666667
2019-06-20,24.871621621621653,39.55999999999996,5.804459459459459,10.001216216216216,1.083108108108108,598.1608108108107,26.803243243243237,1003.8756756756756,256.5810810810811,31.75,22.82567567567567,93.66351351351355,48.554054054054056,3.5,,1.189561331103361,55.528378378378385
2019-06-21,35.36461538461541,30.4356153846153,5.927615384615386,13.475692307692308,1.1214615384615383,603.2315384615387,26.82376923076925,1002.4438461538463,401.4271572698355,31.75,23.699230769230763,88.96769230769229,49.672570766657735,3.5,4.518354021131191,0.23496866650738293,99.18010138458895
2019-06-22,37.911836734693836,30.890041493775893,6.002653061224486,13.798408163265304,1.1786938775510205,597.2338775510206,33.16351020408164,1003.5783673469389,290.1735108096308,31.75,23.386938775510224,82.67795918367342,51.25411727390542,3.5,4.6582453244134445,0.20000000000000004,90.9869925714145
2019-06-23,40.2606382978724,27.63833333333334,5.899290780141841,10.357659574468082,1.0628014184397157,540.3205673758865,41.5320567375887,1005.3833333333326,491.97821474388337,31.75,23.970567375886553,75.69255319148935,52.704177248272885,3.5,,0.24516129032258052,106.24539007092194
2019-06-24,51.427429695741296,21.273680555555554,6.001736111111114,9.999618055555548,1.0725347222222217,509.4180555555553,43.68593750000003,1008.8190972222229,488.7286686033858,31.75,24.207638888888916,74.74062499999994,52.858558416479354,3.5,,0.23406593406593412,88.16694487803682
2019-06-25,28.0325074455389,13.353627450980401,6.095135135135136,12.993873873873875,1.1860360360360362,529.4207207207207,29.888108108108106,1007.8477477477481,517.8427994756548,31.75,22.337837837837828,90.07927927927935,49.33239291271201,3.5,,0.23157894736842102,95.64234234234235
2019-06-26,22.734875444839854,12.807153024911033,5.972526690391463,23.75021797444844,2.1702584475415043,596.5003558718859,15.526357142857137,1002.6597864768678,643.0705892471929,31.75,22.69074733096082,100.54412811387878,51.53590229567032,3.5,4.345628701059099,0.35791226622067224,74.85271594304824
2019-06-27,46.852264808362406,24.013554006968644,6.019895470383278,20.04055749128921,1.5737291285702126,642.6703832752617,29.926259035548195,999.1972125435549,274.9707031020892,31.75,25.069686411149828,94.46689895470398,52.350751629938294,3.5,0.6900260668627574,0.369937333014766,73.8484779790821
2019-06-28,63.62951388888861,30.462256944444423,5.909826388888892,19.45989583333333,1.3937152777777775,730.554513888889,42.746799756628654,996.8993055555553,253.45138888888889,31.75,28.819097222222254,78.70347222222226,52.511698648038276,3.5,0.6999999999999998,0.2858891514137891,108.21324020832142
2019-06-29,88.21874999999989,35.70725,6.076000000000001,24.720999999999997,1.814956412437283,884.8699999999999,15.732749999999996,993.3750000000007,257.29974486893724,31.75,28.97312499999999,88.47625000000008,51.69461057817644,3.5,3.868683993310083,0.34244516638792016,241.4000823749785
2019-06-30,39.32126865671646,13.960842911877396,5.929252882658624,21.78356459964553,1.73286625350668,923.5317164179099,20.675111940298507,999.4361940298504,254.53731343283582,31.75,24.41641791044777,107.09067164179108,51.16157686192722,3.5,4.476535903478717,,89.11268656716418
2019-07-01,25.660278745644597,11.403763066202089,5.850592334494771,20.34864111498258,1.7128919860627185,703.6233449477345,21.910383275261335,1003.036236933798,275.96515679442507,31.75,23.480487804878102,106.52717770034836,51.60047353594341,3.5,2.315475047503205,0.4379122662206722,101.30975609756108
2019-07-02,26.115624999999994,16.015451388888884,5.832500000000002,20.251701388888886,1.3900105069096012,662.3593750000002,33.89729166666664,1005.2447916666669,303.19075921798253,31.75,24.586111111111098,87.33958333333344,51.839574022435045,3.5,3.0,0.19999999999999998,60.23442076387695
2019-07-03,38.62500000000003,25.148055555555565,5.94170138888889,16.36180555555556,1.1572916666666664,674.5229166666667,40.95381944444446,1004.028819444445,409.2677847494663,31.75,25.56875000000004,84.48090277777777,52.155089297889894,3.5,0.2999999999999989,0.19767441860465113,82.7896748610872
2019-07-04,53.12812500000006,33.4098263888889,6.072569444444449,20.048944229565993,1.3265035624651569,726.5093750000007,39.110625,1003.8708333333329,689.9591790299655,31.75,25.323958333333387,81.36701388888889,52.45557050050957,3.5,0.3000000000000001,0.1952380952380952,82.51884152775385
2019-07-05,61.71538461538473,32.209650349650374,6.01923076923077,22.75699300699301,1.42548951048951,722.3409090909089,37.262657342657356,999.4307692307686,298.8076205445771,31.75,25.957692307692334,78.44195804195807,52.25684246298726,3.5,0.3,0.22500000000000003,88.88781178944956
2019-07-06,97.86076188265565,24.34204861111111,6.0681249999999975,21.418263888888895,1.76920138888889,714.2888888888892,35.414340277777775,997.4454861111114,269.586096858159,31.75,27.045486111111146,79.91597222222225,52.96127526802149,3.5,,0.2917671182436027,82.32373930312386
2019-07-07,74.29964919521457,29.238426573426562,6.138181818181821,23.75744755244754,1.620930251678077,915.0356643356641,46.53496803498544,999.0045454545465,276.07342657342656,31.75,26.54300699300703,84.39685314685315,52.972953929881314,3.5,1.8896678966789577,0.3566977552178065,151.4627256642996
2019-07-08,112.30966511265956,65.26342817246115,6.374757281553395,30.90538834951455,1.5761650485436904,1060.7116504854368,49.717194110226785,1001.9233009708742,269.3531799717465,31.75,27.08252427184468,73.56747572815534,54.593011831345095,3.5,1.8999999999999997,0.3044444444444444,108.46359223300969
2019-07-09,32.577777777777776,10.065555555555557,6.010000000000002,9.568333333333333,1.277222222222222,657.8722222222224,36.29611111111112,1001.6333333333332,288.33106550166457,31.75,25.016666666666666,83.58333333333334,48.05555555555556,3.5,,0.10000000000000002,79.24444444444444
2019-07-10,29.97499999999993,13.40114068441064,5.982234848484846,20.72439393939393,2.040833333333334,750.2147727272733,25.01674242424242,1000.9223484848494,253.0568181818182,31.75,22.184848484848487,107.4181818181819,51.687210752254146,3.5,2.134469696969701,0.23142857142857137,110.54166666666674
2019-07-11,63.26538461538443,25.367622377622364,6.046083916083916,39.26361346012306,3.35523912963913,899.6013986013987,20.968136200716852,1005.3961538461544,391.0225474671557,31.75,24.676223776223807,96.88741258741264,52.84373668124379,3.5,0.33239999999999825,0.4798537770344537,93.41157894736841
2019-07-12,63.670289556006644,17.8581884057971,6.1031159420289836,27.240289855072454,2.424116130362066,813.9083333333333,19.158985507246392,1002.8547101449276,263.7999851273544,31.75,24.898913043478295,97.79420289855082,51.2951117846925,3.5,2.2354725149780807,0.18125000000000005,81.2258302583026
2019-07-13,12.779545454545461,9.101088709677422,6.105075757575758,17.00325757575757,1.5775378787878793,746.4473484848487,36.22859848484851,998.4916666666668,252.62121212121212,31.75,22.04393939393938,108.76780303030303,50.5108020697779,3.5,3.8878098398455854,0.2495985127347447,96.86287878787881
2019-07-14,52.82093862815884,25.442779783393497,6.214368231046932,26.60046931407943,2.035174317291032,880.374368231047,38.79000407473239,1000.7072202166062,256.7868562419854,31.75,25.051624548736477,90.02202166064981,53.0716508201812,3.5,3.495634841411042,0.26959713563728593,104.16317689530678
2019-07-15,33.81458333333336,18.251770833333342,6.078854166666669,20.43645833333333,1.8641145833333324,808.803125,35.80057291666668,1002.3729166666667,253.703125,31.75,26.444270833333352,79.36822916666665,54.19952443143606,3.5,2.2707017498606255,0.18947368421052638,79.40430395829748
2019-07-16,27.455673758865274,15.019608540925265,5.992730496453904,16.708936170212755,1.9605319148936167,749.8400709219862,27.159326241134742,1004.349645390072,254.9822695035461,31.75,26.291843971631224,91.34148936170203,52.36304883583485,3.5,,0.15135135135135125,63.25714285714287
2019-07-17,47.82159059643124,18.63015151515152,6.091098484848483,19.96378787878787,4.098490755295106,686.3189393939396,15.844659090909094,1002.6867424242427,253.29924242424244,31.75,28.840151515151554,85.3026515151516,52.345803173962466,3.5,,0.25675675675675697,106.59020143938099
2019-07-18,33.419838056680206,9.3021052631579,6.010364372469642,19.29736842105264,5.447761980352366,681.0376518218621,7.62550607287449,999.6672064777326,252.60323886639677,31.75,29.074089068825934,84.44008097165994,51.88648674068647,3.5,0.29999999999999877,0.23759815862396952,81.33967611336037
2019-07-19,25.287755102040812,9.751497797356823,5.932000000000005,15.860857142857148,3.8204398110570947,697.6228571428578,10.119020408163264,995.6636734693881,255.065306122449,31.75,27.52326530612249,89.52326530612247,51.44577496007004,3.5,0.29999999999999993,0.34683560485568016,124.7710742040675
2019-07-20,37.35429687499991,24.19757936507938,5.962929687500002,19.161875000000016,2.251086546639807,873.8027343750003,20.810898437499997,999.6382812499995,250.5703125,31.75,27.983203125000042,86.58124999999998,52.58463171012613,3.5,,0.30638625132956315,141.2797904687232
2019-07-21,62.52231075697217,29.168007968127508,6.132828685258963,16.898087649402388,1.5329083665338643,838.4119521912351,38.093539926096206,1001.4916334661339,254.0996015936255,31.75,30.058565737051826,79.27410358565737,52.518675901343144,3.5,,0.3435566056551566,69.76140709161973
2019-07-22,66.8479768786127,27.21739884393065,6.008208092485547,13.284913294797688,1.566473988439306,809.9225433526009,24.893005780346826,1000.9630057803473,253.2543352601156,31.75,29.330635838150304,86.81445086705203,50.38436254025895,3.5,,0.3079749332059063,104.02327375718565
2019-07-23,39.760256410256446,17.97525862068966,5.9551709401709365,16.39794871794872,1.9745726495726499,849.5290598290602,37.86703864487305,999.3619658119658,254.44444444444446,31.75,31.55085470085474,74.57136752136749,52.12715150244286,3.5,0.30000000000000043,0.31270801901576234,131.6186481034186
2019-07-24,51.36889763779517,30.44074803149605,5.958031496062994,20.235433070866147,2.510590551181104,977.3629921259842,33.22903765492301,1000.6082677165355,253.4763779527559,31.75,30.983070866141755,80.52480314960631,51.95178524240798,3.5,0.3,0.16666666666666666,118.49768055334604
2019-07-25,52.47092198581569,31.3204964539007,5.988368794326239,23.41992907801417,2.5526241134751757,979.8872340425532,21.419858156028372,1001.7723404255319,250.86524822695034,31.75,30.71843971631206,82.02482269503538,52.14324973267752,3.5,,0.27692307692307694,105.08085106382974
2019-07-26,70.02190082644617,40.93553719008269,5.9511983471074394,22.21694214876033,2.5228224214461377,1063.7710743801654,37.949556228308786,1000.0685950413216,254.21900826446281,31.75,31.996694214876047,77.51818181818182,51.81691294120797,3.5,,0.26809758319396015,100.35785123966942
2019-07-27,62.08168498168503,30.251501831501837,5.931282051282054,23.943169643608076,2.821780410182895,1025.5168498168498,18.219084249084247,1000.7223443223437,254.55311355311355,31.75,29.830402930402986,87.52637362637361,51.37075042204088,3.5,4.422050804985297,0.3222739485464124,106.77794117647058
2019-07-28,37.72482517482512,21.2579020979021,5.998566433566434,12.165034965034964,2.478426573426574,817.1293706293711,20.64622377622377,1002.7444055944056,253.41958041958043,31.75,30.91328671328674,78.95244755244748,52.657223476616565,3.5,4.6582453244134445,0.2668710833134231,141.7437062937063
2019-07-29,27.033928571428575,17.083142857142857,6.127785714285714,11.677464285714283,2.5982608071070152,799.9425000000001,15.643249999999993,1003.596428571428,253.48928571428573,31.75,32.072142857142886,70.8585714285714,52.5657609911596,3.5,,0.2954444875455477,146.3071942446042
2019-07-30,27.480281690140888,16.433204225352114,6.055845070422536,12.675176056338035,2.7747085701045267,837.2151408450708,17.727042253521137,1003.5042253521121,253.8838028169014,31.75,32.549295774647895,68.62253521126758,52.65806740873189,3.5,,0.25962359202315977,155.24773373664257
2019-07-31,21.358759124087612,12.499379562043792,5.968175182481752,12.718467153284667,3.1410458824059577,819.7813868613141,13.58065693430657,1004.6978102189775,253.85766423357666,31.75,31.50510948905112,68.86824817518246,52.64961872543366,3.5,,0.289762197899245,149.5399267399266
2019-08-01,21.490972222222254,9.020902777777783,5.906562499999997,10.433750000000002,3.0152375549980617,800.5041666666671,9.625659722222222,1005.7444444444433,252.77430555555554,31.75,31.474305555555564,71.34756944444436,52.50309425027728,3.5,,0.3059304088740227,128.19094076655068
2019-08-02,20.867741935483846,11.457670250896056,5.9513261648745495,9.621648745519717,2.7990506449814516,787.4688172043013,6.561612903225805,1005.8182795698933,252.42652329749103,31.75,30.79677419354843,71.35770609318995,52.87116864002911,3.5,,0.2930500864969724,110.70618181818183
2019-08-03,28.357142857142804,11.534484126984117,6.0268650793650735,10.229126984126982,2.7530675634522432,808.7499999999997,5.7498809523809555,1004.7369047619059,440.72440680264145,31.75,29.084920634920643,80.48809523809521,51.64122438525144,3.5,,0.20777777777777773,71.2601593625498
2019-08-04,25.0953488372093,8.320930232558142,5.949767441860465,9.080465116279074,2.6665116279069774,798.9093023255814,4.195348837209303,1003.6000000000003,283.50877993232297,31.75,26.867441860465114,93.2511627906977,47.51162790697674,3.5,2.6565217391304348,0.3,108.84418604651164
2019-08-05,26.422456140350903,9.284175438596487,5.929543859649126,9.9320350877193,3.2503120548727877,831.3635087719299,6.24368421052632,1004.1877192982448,276.0,31.75,29.199649122807042,84.19824561403513,52.71299755840968,3.5,,0.2310344827586207,84.52746478873244
2019-08-06,26.516319444444463,17.66517361111111,5.983020833333332,9.738229166666656,2.664131944444444,857.1520833333337,11.147500000000006,1002.7107638888881,252.6875,31.75,29.970486111111125,76.33645833333333,52.527762259613965,3.5,,0.23157894736842102,86.3784722222222
2019-08-07,40.154166666666555,23.729861111111113,5.96993055555556,9.045694444444447,2.4678125000000017,887.6621527777777,13.492187500000005,1001.2861111111116,254.02083333333334,31.75,30.028472222222206,76.12152777777777,52.361095592947294,3.5,,0.22413793103448273,94.04722222222215
2019-08-08,39.13165467625889,12.007338129496409,6.092733812949641,10.077625899280573,3.2579055888812514,862.4089928057552,4.788920863309349,1001.0377697841726,254.02158273381295,31.75,30.498920863309376,80.62194244604316,52.069020328191094,3.5,,0.25487804878048775,89.0547236690524
2019-08-09,48.39219858156038,10.83801418439716,6.007943262411344,6.432624113475179,2.6941489361702144,899.2081560283686,4.702553191489364,997.3180851063835,255.25886524822695,31.75,28.356028368794355,89.50957446808508,51.146892335443596,3.5,3.5561485148136827,0.3229162176415654,93.6047201423243
2019-08-10,49.87210144927545,10.12213768115942,5.978840579710138,3.323224637681161,2.485760869565217,980.5688405797101,9.28518115942029,985.6717391304344,254.5036231884058,31.75,26.72826086956525,99.3717391304347,49.28471903349323,3.5,4.02877299859345,0.44335854991637613,95.38332065453295
2019-08-11,13.514930555555585,8.926597222222226,5.997812500000004,9.489375000000004,2.6544380414576048,1050.6236111111111,10.095069444444444,988.6388888888891,260.7565192260065,31.75,28.062152777777822,83.82986111111114,51.90125462188654,3.5,3.8904491092949742,0.4786027234224501,214.72130027873362
2019-08-12,36.6170728831283,20.40801393728224,6.040522648083619,14.463240418118476,2.471289198606273,1190.7317073170732,22.699094076655058,995.7222996515677,275.82229965156796,31.75,29.78188153310109,69.29721254355397,52.77023014135234,3.5,3.319932943781519,0.42241301109252805,185.3260563380284
2019-08-13,52.728464419475685,29.726104868913854,6.185243445692881,21.2816479400749,2.4693258426966294,1315.8202247191011,20.50569288389511,997.9726591760309,253.59550561797752,31.75,28.624719101123645,87.41235955056182,51.95390611150684,3.5,2.6166619094277497,0.2607354870079509,88.01433962264149
2019-08-14,64.4187937408357,37.50436170212767,6.040851063829787,18.881808510638304,2.4907801418439726,1410.8758865248226,30.62024822695036,997.4205673758872,253.69858156028369,31.75,28.224113475177358,85.89397163120569,52.43217904670292,3.5,1.9449800605046967,0.28765856393102784,91.16737588652482
2019-08-15,62.84479166666668,37.847569444444446,6.344930555555556,14.72989583333334,2.4814930555555557,1593.4494781341384,32.275972222222215,995.723611111111,334.84878056645306,31.75,28.89375000000002,76.79930555555559,52.61016054719302,3.5,1.7246268656716441,0.3268817204301075,126.30972222222213
2019-08-16,71.19743589743591,36.04201465201465,6.16304029304029,13.76908424908425,2.5016960658973066,1509.937728937729,43.34852938260128,997.4542124542122,295.80653326226815,31.75,28.615018315018347,81.67142857142866,52.70961991791793,3.5,1.6288537549407134,0.23656740345008848,100.83842501843748
2019-08-17,90.27271371434674,50.15131944444446,6.117986111111106,14.874618055555551,2.4755902777777794,1476.7604166666667,46.368508434037906,999.7833333333339,362.69678196079076,31.75,31.158333333333328,69.37361111111107,52.72422911115609,3.5,1.7753571428571433,,121.26759581881534
2019-08-18,77.1212241756264,33.665978260869586,6.190833333333335,16.84557971014491,2.47228260869565,1397.286231884058,28.727681159420293,1002.9543478260864,252.6086956521739,31.75,27.68804347826092,87.13695652173911,51.450114196111564,3.5,1.5880308880308915,0.32196239980885943,108.92468543477014
2019-08-19,27.150871080139332,18.076864111498267,6.191742160278745,12.491811846689888,2.4911846689895447,1277.7839721254356,29.959094076655052,1005.1334494773508,254.8815331010453,31.75,27.46341463414638,82.68432055749122,52.98989518277975,3.5,1.4941391941391966,0.2032682988121268,79.54300699300704
2019-08-20,28.993402777777742,17.250381944444435,6.164930555555557,11.486041666666667,2.4721180555555575,1268.4583333333333,27.258958333333325,1004.8711805555561,272.70053845201306,31.75,27.855555555555583,74.42708333333329,52.277552121421955,3.5,1.4422641509433984,0.6447806655516806,84.74861111111115
2019-08-21,41.843750000000036,25.488680555555547,6.266840277777779,17.486319444444455,2.472048611111113,1427.1666666666667,31.183194444444432,1003.6628472222225,384.85870074992147,31.75,29.019791666666706,70.07673611111112,52.51351091694394,3.5,1.4333333333333342,0.3190476190476191,102.69627208330947
2019-08-22,63.37812471339529,35.064305555555556,6.176458333333329,14.957777777777787,2.471180555555557,1416.048611111111,30.045104166666647,1005.3715277777779,253.04513888888889,31.75,29.09097222222228,74.96805555555552,52.53941860321316,3.5,1.2862815884476515,0.23333333333333336,79.8588850174216
2019-08-23,60.33749971339509,30.255104166666666,6.1596180555555575,14.323437500000002,2.4760069444444466,1372.1319444444443,24.056145833333325,1006.8604166666656,254.52083333333334,31.75,29.02743055555563,80.90381944444451,51.594706197973814,3.5,1.0808988764044931,0.2166666666666667,73.56527777777774
2019-08-24,42.4048780487805,20.12073170731709,6.146411149825783,13.489512195121952,2.4805923344947756,1337.2578397212544,16.246271777003496,1006.937630662021,275.82229965156796,31.75,29.20348432055752,83.06829268292684,51.73412171349243,3.5,1.0262411347517715,0.19230769230769224,77.61846689895467
2019-08-25,32.688541666666644,12.31003472222222,6.193854166666664,9.205451388888896,2.6438299513540464,1248.8541666666667,6.845277777777781,1006.0086805555561,257.1245747815621,31.75,29.719444444444452,83.67569444444442,51.95623758546895,3.5,0.9802919708029187,0.2730769230769233,99.64205965276585
2019-08-26,36.149122807017555,17.284140350877195,6.233473684210523,13.94077192982456,2.815201276700041,1358.638596491228,17.425017543859667,1003.572280701755,275.82105263157894,31.75,31.187368421052668,78.88666666666667,51.751901887459965,3.5,0.8556485355648529,0.2489795918367346,143.39543859649135
2019-08-27,51.54055915195045,26.31206293706293,6.339160839160838,19.790034965034963,2.544916265664091,1517.4559730201815,19.505839160839162,1003.543006993007,356.38903844408156,31.75,31.032167832167854,78.00594405594403,51.55456362934612,3.5,0.8984732824427475,0.29514939579849,165.53373045612827
2019-08-28,42.705614035087734,18.609614035087723,6.33392982456141,15.68526315789474,2.4813333333333323,1488.5473684210526,15.802350877192973,1004.7343859649133,259.30834223540313,31.75,27.865964912280738,90.90947368421057,51.678583946017746,3.5,0.8494505494505485,0.26969696969696966,108.53508771929819
2019-08-29,30.485664335664328,19.05090909090909,6.310594405594407,19.309440559440564,2.5936713286713275,1549.1503496503497,11.370454545454537,1006.8685314685328,253.1153846153846,31.75,21.200000000000056,99.48251748251757,49.51565757536771,3.5,0.3198895027624299,0.28695652173913044,128.88356643356644
2019-08-30,85.34964759668267,37.33123239436616,6.323133802816903,26.95792473735919,3.422647752213766,1707.5211267605634,17.609718309859158,1008.5260563380273,275.78521126760563,31.75,23.929577464788782,89.15316901408453,52.11780614230407,3.5,0.3,0.275,80.61024734982337
2019-08-31,81.43127690506826,24.527291666666674,6.358402777777783,14.955000000000004,2.4948958333333313,1533.6041666666667,23.309236111111098,1010.4666666666666,347.5630661678757,31.75,25.20486111111113,83.28854166666667,52.43799925120644,3.5,,0.23684460946009597,75.7787456445993
2019-09-01,27.16423076923079,14.212730769230776,6.29811538461539,17.183520433480776,2.479307692307691,1400.0153846153846,14.657769230769226,1012.3773076923076,254.01153846153846,31.75,20.848076923076928,99.45999999999998,49.43765856393102,3.5,0.29999999999999954,0.2626084911107032,94.50230769230768
2019-09-02,25.628571428571433,14.482142857142861,6.342500000000002,13.929999999999998,2.496428571428571,1412.75,9.684642857142856,1011.7285714285712,259.4642857142857,31.75,22.075000000000014,99.54999999999998,47.964285714285715,3.5,0.3,,76.97857142857143
2019-09-10,49.125742574257394,13.930000000000001,5.039801980198022,58.92268584653785,6.203025989965116,885.3366336633666,12.671683168316832,1009.1207920792077,276.0,31.75,26.481188118811893,98.81584158415843,48.277227722772274,3.5,0.39108910891089166,,87.39319980194617
2019-09-11,32.27142857142858,13.930000000000005,4.985,53.00642857142858,6.2030259899651226,731.9571428571429,5.5442857142857145,1010.9571428571431,265.60714285714283,31.75,25.807142857142846,99.53928571428573,48.214285714285715,3.5,0.6999999999999998,1.189561331103361,75.90714285714286
2019-09-12,25.943816254417015,13.929999999999932,5.051130742049473,58.23777180392499,6.203025989965162,588.3954063604243,13.906325088339228,1010.2487632508828,268.037571064557,31.75,27.56148409893998,86.34664310954068,52.13979268941104,3.5,0.45826086956521833,0.236,96.2258416254296
2019-09-13,24.67368421052622,13.929999999999932,5.060596491228068,56.28037510789656,6.203025989965162,474.07087719298227,14.027824561403506,1007.8884210526325,348.2141775208354,31.75,27.60807017543864,82.70421052631589,52.00825458851014,3.5,0.46091954022988574,0.25080737410415016,81.3831578947368
2019-09-14,30.392682926829227,13.929999999999932,5.113693379790943,57.26216259501978,6.2030259899651625,402.3588850174218,11.17591304146443,1008.7432055749133,355.5953913225015,31.75,27.788501742160317,82.52787456445996,51.77817388437546,3.5,0.402092050209205,0.3188645183946311,103.42439024390245
2019-09-15,20.61798245614035,13.929999999999955,5.067324561403509,57.88756727607653,6.203025989965146,557.0921052631577,19.080256673026952,1008.2776315789479,330.13829142578317,31.75,27.089035087719303,84.97543859649123,51.93561075397424,3.5,0.3112149532710284,0.2449999999999999,116.30274719295231
2019-09-16,28.52344322344323,13.929999999999936,5.200036630036633,52.65909232723557,6.203025989965159,411.00439560439577,26.252412166484046,1009.154578754579,557.7077791903805,31.75,26.012820512820536,68.1388278388278,52.19062050424356,3.5,0.35627376425855445,0.3348530089487397,121.15023142855885
2019-09-17,38.817793300561725,13.929999999999934,5.173416370106759,53.92768912843541,6.203025989965161,474.1701067615655,24.736186909075265,1011.0444839857655,403.4857273899522,31.75,26.227758007117462,76.23879003558717,51.70879358835406,3.5,0.31500000000000045,0.27786259541984726,122.23421060497003
2019-09-18,29.980586080586114,13.929999999999936,5.235457875457877,48.96536288807732,6.203025989965159,343.16336996337014,26.117545787545787,1015.0893772893771,518.2190300826161,31.75,25.947619047619096,65.65787545787543,52.42680389821853,3.5,0.2999999999999996,0.3552645869201639,124.51721611721605
2019-09-19,30.98888888888889,13.930000000000005,5.209259259259259,35.99777777777778,6.203025989965123,277.9592592592592,21.098518518518517,1015.9666666666667,634.003775505895,31.75,22.525925925925932,73.10740740740741,47.48148148148148,3.5,0.3,0.2875000000000001,134.7111111111111
2019-09-20,22.82775330396483,13.929999999999957,5.279339207048461,40.30396475770924,6.203025989965146,364.0277533039645,25.1347577092511,1011.0955947136574,650.3619487830518,31.75,24.025991189427348,65.91013215859027,52.38014113623831,3.5,0.29999999999999993,0.3187141994111397,128.60220264317186
2019-09-21,24.27499999999999,13.930000000000005,5.270624999999998,35.68625000000001,6.203025989965122,397.98125000000005,31.101562499999996,1009.2312499999998,679.2729546852761,31.75,22.946874999999988,74.86249999999995,48.0,3.5,0.3,0.17894736842105266,109.21875000000001
2019-09-22,19.399641577060894,13.929999999999934,5.215125448028674,23.749999999999986,5.961272689693661,507.4469534050178,18.985663082437284,1008.7021505376347,253.921146953405,31.75,20.413978494623702,97.85770609318998,50.7190528998688,3.5,0.29999999999999843,0.4154412524576778,146.3494623655914
2019-09-23,33.25923344947734,13.929999999999932,5.281010452961675,40.143761988066345,6.2030259899651625,642.6459930313594,17.164056048085655,1015.6041811846691,417.52335766476057,31.75,22.568989547038356,79.11672473867596,52.21689258200845,3.5,0.2999999999999985,0.36270521805193506,129.2783972125435
2019-09-24,57.946404149775574,13.930000000000014,5.490392156862742,56.15254303820498,6.2030259899651154,815.4509803921569,13.994313725490196,1017.6535947712422,355.44350988783594,31.75,21.734640522875814,84.64052287581701,52.78816042538144,3.5,0.3000000000000004,0.3333333333333334,121.71895424836599
2019-09-25,74.99231132845338,13.930000000000014,5.4912403100775204,54.93058152248265,6.107869943842438,913.891472868217,16.91945736434109,1017.2519379844962,363.5563982240221,31.75,22.582170542635655,81.66744186046509,52.92657383941137,3.5,0.3000000000000005,0.21052631578947373,100.17054263565892
2019-09-26,29.205185185185233,22.097481481481495,5.8089999999999975,18.364888888888885,2.620518518518519,616.2537037037039,30.874550079444983,1018.1855555555552,518.9278888519066,31.75,23.615185185185215,73.16814814814815,52.225847695774796,3.5,,0.16739130434782604,87.18782659257987
2019-09-27,38.435563380281664,23.76686619718309,5.820211267605637,21.713133802816905,2.9661392457368563,689.8045774647892,23.4179525403174,1017.831338028169,419.4072277480871,31.75,23.47640845070424,78.2827464788733,51.78066755169704,3.5,,0.2588235294117646,97.31342669012867
2019-09-28,56.920979020979,31.383846153846157,5.839720279720283,21.27034965034966,3.1507066572023086,758.3381118881117,18.142272727272726,1015.5996503496511,345.2689445123355,31.75,24.15804195804199,83.31468531468532,52.07204614682864,3.5,,0.20571428571428568,109.53011601397401
2019-09-29,51.290073529411735,29.98731617647059,5.958125000000002,17.982610294117627,2.9838970588235294,763.7591911764703,20.473161764705875,1014.1974264705885,373.9723128671233,31.75,24.066544117647073,83.1316176470588,51.58074347407926,3.5,,0.218181818181818,122.65992647058818
2019-09-30,46.688432835820905,28.36354477611942,5.8519776119403,15.043694029850743,2.489179104477612,763.0018656716412,21.230708955223907,1012.5824626865673,386.166919113421,31.75,24.90298507462688,84.57201492537313,52.20235641092087,3.5,,0.19069767441860463,101.23171641791035
2019-10-01,27.074390243902393,11.517560975609754,5.8624390243902464,7.823048780487808,2.7968945202436193,724.5658536585362,4.741260162601628,1007.4760162601625,253.78455284552845,31.75,23.30121951219516,99.46178861788617,49.613821138211385,3.5,4.638987730971891,0.3917262782089011,102.48858584359304
2019-10-02,22.586785714285725,11.202857142857145,5.859142857142857,9.523035714285715,2.8709858999283218,835.3939285714284,5.517464285714285,1005.5082142857141,254.29285714285714,31.75,23.7257142857143,95.73857142857143,51.329338804347,3.5,4.638543572096195,0.5573962553421379,138.5646899285591
2019-10-03,34.11553784860554,17.016055776892415,5.946454183266933,25.149975109402533,3.979591510146161,936.233466135458,9.867211155378492,1010.1115537848596,275.796812749004,31.75,24.81274900398408,87.08446215139439,51.98439547628748,3.5,4.6582453244134445,1.189561331103361,101.27410358565737
2019-10-04,62.36118881118891,25.282202797202824,5.918391608391604,12.727797202797207,2.9588852515026436,919.3132867132866,18.729085739336178,1010.3713286713291,264.24068781860086,31.75,25.725874125874153,88.08846153846159,51.97545062188528,3.5,0.3,0.2157967775919468,73.43505720277311
2019-10-05,55.70280701754388,27.080315789473666,5.916596491228076,9.804175438596491,2.429754385964914,912.3933333333329,22.244175438596496,1016.2912280701751,254.62456140350878,31.75,22.81824561403513,87.05263157894737,50.7353399725394,3.5,0.3,0.2891661489671379,116.63017543859647
2019-10-06,48.01602729935784,10.911463414634149,5.915052264808361,12.775470383275255,2.47383275261324,821.934494773519,21.6496464162026,1018.5986062717764,565.5664480259703,31.75,21.993031358885037,71.36655052264805,52.245494579840965,3.5,,0.2263993957984899,101.17839721254353
2019-10-07,62.55480397671818,37.06327402135231,5.979145907473305,26.847117437722417,3.265480427046264,1074.088256227758,11.376146060143391,1016.9829181494663,417.188319939488,31.75,21.29110320284701,84.89679715302498,50.68088901415136,3.5,,0.4056458163928023,142.43136362988108
2019-10-08,62.21508742967658,62.88463739730572,6.067894736842105,32.07641557808785,3.830504081957082,1324.042105263158,10.07814035087719,1019.7077192982447,454.0611510573881,31.75,19.090877192982465,83.03929824561402,51.11690965581097,3.5,,0.31432537454745746,157.2842105263155
2019-10-09,6.896864111498258,38.06847867656176,6.084634146341464,31.648385261620643,3.933632749116762,1157.8306620209055,14.823763066202094,1016.6895470383262,416.50024752096397,31.75,20.55958188153314,79.15644599303143,51.72075901832959,3.5,,0.18846153846153843,91.480487804878
2019-10-10,6.935087719298244,17.444175438596506,6.205543859649115,22.68736842105263,2.8881754385964915,962.1045614035086,24.672450952456664,1011.5480701754391,567.6971685837318,31.75,23.40807017543863,74.63157894736845,52.226897255411544,3.5,,0.24545454545454554,196.47667844522982
2019-10-11,6.757232704402515,23.763459119496854,6.0804402515723295,29.92884631147809,2.9296987670431487,1043.2169811320755,11.931572327044016,1010.8037735849055,262.98036186848987,31.75,23.37798742138364,87.40943396226416,52.50974816810625,3.5,,0.24615384615384617,244.39182389937068
2019-10-12,6.801403508771925,33.643859649122824,6.153052631578944,16.37284210526317,2.5868421052631585,1145.3378947368421,28.8078245614035,1012.7940350877193,486.94614895763135,31.75,22.839298245614064,78.98245614035092,51.85600780684056,3.5,,0.24533333333333338,134.39377670173022
2019-10-13,6.836000000000005,21.677466666666675,6.123866666666668,13.242666666666668,2.591066666666666,956.1119999999997,23.272533333333325,1015.178666666667,356.0585024726591,31.75,21.053333333333317,86.41466666666669,48.333333333333336,3.5,,0.275,116.97200000000002
2019-10-15,6.90777777777777,9.852555555555558,6.063481481481483,14.363925925925932,2.4708148148148146,900.5574074074073,16.766962962962968,1026.7644444444452,631.6863161515333,31.75,17.48703703703704,63.69925925925924,51.370617080142694,3.5,,0.3127911087736278,135.43925925925913
2019-10-16,6.94773519163763,18.06445993031359,6.132508710801395,27.206124788658638,3.179114667765778,953.6299651567946,14.938989547038327,1022.9198606271773,310.7662660559579,31.75,18.28989547038328,72.68466898954706,51.68779242026153,3.5,,0.27415407258518204,145.86933797909424
2019-10-17,6.821908127208476,23.58240282685512,6.16526501766784,25.680572000812802,2.87707131423942,1074.9505300353358,17.604800429152466,1020.3081272084819,573.0261024835835,31.75,19.636042402826867,76.62968197879857,51.98874194830715,3.5,,0.26938489428174833,140.91524091871574
2019-10-18,6.872027972027965,20.37982517482517,6.140734265734264,27.338780597272766,3.329719782058909,1078.8902097902096,18.58698783723827,1019.1629370629365,555.7991986398083,31.75,19.373426573426592,73.71398601398602,52.01886861753516,3.5,,0.2923809523809525,137.5916083916083
2019-10-19,6.714801444043318,39.46241877256316,6.259386281588446,30.14236574983756,2.8980733280851316,1204.5415162454874,22.216064981949465,1020.220577617329,542.1186157320411,31.75,19.449819494584847,73.88267148014444,51.98623700807627,3.5,,0.2538461538461536,110.83145552345334
2019-10-20,6.923611111111111,47.71953780473707,6.258541666666672,34.52933271147616,3.5603567407210477,1261.4965277777778,25.32405223229267,1018.6381944444436,558.572205599148,31.75,19.458680555555564,73.39513888888891,51.933591983229945,3.5,,0.20333333333333317,93.49652777777771
2019-10-21,7.0371929824561406,39.35493807437132,6.139017543859645,27.17588378775462,2.997174483224639,1191.7754385964913,24.577358045264184,1015.488421052632,565.9269575368562,31.75,19.2824561403509,74.80596491228067,51.976675641141725,3.5,,0.24606741573033705,139.43228070175442
2019-10-22,6.8735191637630635,32.145296167247366,6.1062717770034896,32.77683257127236,3.3393149946275815,1164.7421602787456,20.904872897038842,1013.8358885017433,471.36677619329447,31.75,19.336933797909417,76.22090592334492,51.570780388052,3.5,,0.2130434782608695,122.9147368421052
2019-10-23,7.03189964157706,39.50985663082434,6.104731182795701,25.801292564193577,2.7204301075268806,1157.0501792114696,25.742749257707146,1013.9351254480281,531.3330382633134,31.75,20.498566308243753,77.81397849462368,51.43259115330583,3.5,,0.2513513513513514,143.0763440860215
2019-10-24,6.18,36.156,6.0680000000000005,33.438,3.098,1110.6,12.084,1015.3799999999999,580.7755074179773,31.75,18.919999999999998,88.72,48.0,3.5,,,130.45999999999998
2019-10-25,35.67989880575468,53.377512830082594,6.255809859154931,35.93714241660258,3.7520166948157105,1340.2676056338028,21.77647887323944,1018.6232394366199,466.05770151544203,31.75,20.098943661971852,78.86338028169023,51.41867592779619,3.5,,0.3190864780919532,165.44929577464794
2019-10-26,54.93529411764706,44.61352941176468,6.149117647058823,22.60882352941176,3.5661764705882355,1357.2058823529412,9.925588235294114,1020.2911764705881,311.171668121172,31.75,18.732352941176472,87.77058823529414,48.11764705882353,3.5,,0.3861951663879201,180.8794117647059
2019-10-27,22.959999999999997,13.632666666666665,6.1773333333333325,22.337333333333337,2.3806666666666674,1080.7333333333333,9.68,1019.6866666666668,555.1755074179772,31.75,16.16,69.22666666666666,48.0,3.5,,,102.13333333333337
2019-10-28,77.26631205673779,69.65089733520121,6.255638297872341,43.67671326301511,4.591680491116213,1449.3120567375886,12.640562132801938,1015.1851063829788,689.9591790299653,31.75,17.1758865248227,82.41489361702128,51.61000973315198,3.5,,0.2402597402597403,271.30921985815627
2019-10-29,110.73610738524972,70.13525801054276,6.538159722222227,40.00355586154658,4.154969703943073,1512.9270833333333,15.986145833333344,1017.4579861111122,462.89250127050764,31.75,17.977430555555586,71.7079861111111,51.59512647435784,3.5,,0.2942994629319913,176.41944444444437
2019-10-30,119.97008460586602,50.697087719298246,6.488947368421054,44.437509926685124,3.8054468038486298,1437.3754385964912,15.960029899825065,1020.2845614035085,523.4764752283724,31.75,18.09157894736844,66.1024561403509,51.53823306882476,3.5,0.2999999999999988,0.24137670364175984,102.76109887718081
2019-10-31,120.52723928466,57.70160839160837,6.44146853146853,34.222657342657335,2.51597902097902,1355.7377622377621,27.071463361713782,1019.8370629370638,685.187022679896,31.75,18.80000000000002,64.01608391608389,51.61254423509484,3.5,0.3,0.17391304347826084,142.8319298245615
2019-11-01,87.95034722222228,44.806145833333346,6.280868055555556,29.717430555555545,2.7154870135404545,1310.5555555555557,22.65381944444444,1019.8017361111112,521.8112219745632,31.75,19.3107638888889,67.19930555555564,51.72396115036119,3.5,,0.1862068965517241,197.59830965276603
2019-11-02,119.61073125172587,69.34271017884637,6.205486111111115,27.069006084930678,2.9187380964556677,1496.4305555555557,34.531140699479664,1017.0114583333329,532.2867034147682,31.75,19.760416666666675,76.54965277777772,51.84512647435784,3.5,,0.16388888888888886,157.456295763877
2019-11-03,57.3947735191639,32.269651567944244,6.320487804878046,18.218432055749126,2.442891986062717,1286.404181184669,25.594250871080156,1017.4118466898957,448.59133727576943,31.75,19.944250871080175,73.39163763066198,51.57972045890392,3.5,,0.23548387096774193,127.13356643356647
2019-11-04,51.775088967971506,33.289252669039165,6.187402135231323,17.46213523131673,2.454199288256229,1361.4391753870889,23.77832740213522,1020.4377224199284,280.4194930145548,31.75,18.696085409252664,74.58683274021355,51.47317517775644,3.5,,0.27937108331342314,132.24285714285716
2019-11-05,27.00000000000004,17.596205673758885,6.203581560283692,19.752801418439716,2.7497065032258368,1199.5567375886526,17.666023125709742,1019.1031914893614,381.7868672858653,31.75,16.980141843971648,70.77624113475173,51.46440505301262,3.5,,0.27555555555555566,135.10533807829182
2019-11-06,24.22708333333338,14.342951388888897,6.208159722222219,23.82447916666668,2.6100525345480046,1229.0590277777778,16.482380431772345,1015.5006944444441,537.61238513152,31.75,17.593402777777793,72.0003472222222,51.27598666109164,3.5,,0.23255813953488363,101.85312500000002
2019-11-07,40.80801393728216,32.28672473867598,6.244250871080137,21.06637630662022,2.475087108013937,1385.8885017421603,21.8753903933808,1017.6010452961674,530.5320315204297,31.75,18.122996515679432,73.46864111498257,51.16481741810625,3.5,,0.25673076923076926,112.9515679442509
2019-11-08,26.724475524475523,13.977972027972022,6.21440559440559,16.57052447552448,2.475419580419582,1203.9685314685314,18.56170294720382,1021.9150349650344,651.4280677229403,31.75,16.119230769230782,63.92972027972031,51.33167076314892,3.5,,0.29155844155844163,140.6105355943935
2019-11-09,17.86449704142006,12.261538461538466,6.296035502958581,27.503703775828452,2.862126259583116,1261.1479289940828,11.664082840236684,1022.4071005917161,429.5917146299886,31.75,14.630177514792885,68.794674556213,52.453186657297984,3.5,,0.19189189189189185,115.46035502958586
2019-11-10,49.65340501792123,41.76741935483875,6.3287455197132605,31.685197132616473,2.4764157706093184,1461.7956989247311,18.990819073298027,1013.5362007168458,454.7184536760091,31.75,16.530465949820794,66.81433691756273,51.32020037568372,3.5,,0.4274127128050503,237.38422939068116
2019-11-11,78.20734265734255,47.12730769230766,6.642265377738129,43.006990866119644,3.4637710958319636,1594.4650349650349,10.255209790209793,1015.1167832167839,644.0725662116126,31.75,16.918881118881142,54.07640513574429,51.324312767732955,3.5,,0.25,185.32867132867108
2019-11-12,50.59292929292918,23.412323232323217,6.202373737373738,29.114097226363686,2.606778302827579,1347.449494949495,15.684234956818916,1017.1767676767677,670.5822466498112,31.75,19.18787878787877,72.81969696969696,51.773422689435584,3.5,,0.22307692307692287,118.92676767676768
2019-11-13,79.4220505281089,54.21401368237281,6.346534296028878,36.13492331776222,3.2745567564200724,1632.389891696751,14.24631235180558,1019.3714801444048,515.3946041910242,31.75,18.549097472924206,70.21768953068585,50.77597679436797,3.5,,0.41688221947140286,182.78122743682317
2019-11-14,56.6872727272728,18.920863636363638,6.495454545454543,25.661954545454538,2.4480000000000004,1307.9636363636364,12.402129642955211,1022.2922727272733,689.9591790299627,31.75,15.349090909090906,51.6872727272727,52.33117199209368,3.5,,0.23333333333333348,153.58119266055047
2019-11-15,41.069834710743926,21.279421487603308,6.361322314049588,30.855413223140506,2.6810754541307893,1390.8801652892562,14.553842975206612,1016.748347107439,526.5706672875837,31.75,16.56528925619835,69.71611570247936,51.69535283064654,3.5,0.29999999999999893,0.2494949494949497,180.74518828451878
2019-11-16,39.80820895522385,25.080447761194037,6.390671641791045,32.65328358208954,2.6028515220885122,1456.6268656716418,17.086929264553337,1014.1044776119396,600.692198650119,31.75,18.832089552238774,75.45970149253735,51.69194138621179,3.5,0.3,0.21599999999999986,173.5127819548872
2019-11-17,42.25039370078739,28.047490224484456,6.531417322834647,30.33532234736229,3.17265538511564,1538.992125984252,14.268582677165353,1012.6220472440943,482.58540659013767,31.75,21.283464566929144,72.56850393700785,53.964787600662035,3.5,,0.25593220338983036,212.5696000000001
2019-11-18,88.88958018068148,49.56209805194486,6.29034722222222,27.56541666666665,3.4105048258662425,1548.079861111111,7.150104166666667,1024.1604166666668,388.1295047928873,31.75,12.180555555555548,76.53541666666658,48.97496953688218,3.5,,0.41800899991197477,173.90486111111116
2019-11-19,94.32806488455934,35.52454861111112,6.424479166666668,26.29291666666669,2.8694489565911647,1443.6041666666667,9.428159722222224,1027.3940972222222,634.4625105588552,31.75,10.38645833333333,55.22604166666668,51.22831059573481,3.5,,0.29645528702155144,143.1361568749881
2019-11-20,55.89505300353365,26.574840989399288,6.452508833922261,35.39667846841025,3.7029146476590915,1515.7703180212013,10.498475340813238,1027.6922261484092,681.7132716437474,31.75,12.304240282685507,68.943109540636,51.09954416370139,3.5,,0.21692307692307677,121.40319148936165
2019-11-21,29.090175438596486,14.658807017543861,6.481649122807017,39.212184262316626,3.8956818003750757,1572.0597944521398,8.652912280701752,1024.022105263158,524.115285369275,31.75,15.231228070175431,75.4477192982456,51.21908874212184,3.5,,0.20223903327758394,66.34736842105252
2019-11-22,42.754006968641036,30.464668989547054,6.458954703832754,45.16230192212692,5.018945798899087,1671.0766550522649,7.677909407665502,1019.437630662021,261.9677877149121,31.75,18.46167247386761,90.63101045296172,51.05243888058848,3.5,,0.19999999999999998,126.96237035210065
2019-11-23,37.11748251748257,20.734125874125873,6.376748251748249,36.34433566433567,5.801835447878957,1591.7937062937062,5.591153846153849,1017.0678321678324,254.2097902097902,31.75,19.987062937062973,95.27307692307696,50.20671692167342,3.5,,0.6298537770344537,49.721420839136805
2019-11-24,73.43633034142336,41.489161466778,6.42230215827338,34.46383544640309,4.465829541745146,1762.5791366906474,9.800611510791375,1019.3845323741008,253.8705035971223,31.75,19.07517985611513,90.77374100719423,50.76164316065466,3.5,,0.40474378873472,150.20472366905219
2019-11-25,34.4944250871081,12.92372822299651,6.362961672473862,21.278710801393725,2.5968641114982574,1481.020905923345,8.997102862195621,1030.414982578397,405.97717273730524,31.75,10.174216027874548,78.36655052264807,48.94773519163763,3.5,,0.39007617537991307,156.37108013937294
2019-11-26,26.741811846689856,18.197073170731688,6.415400696864115,31.664599303135887,3.522049733478364,1554.9965156794426,6.26331010452962,1027.8630662020907,384.5161760700252,31.75,10.601742160278745,80.58466898954701,50.540913167934484,3.5,,0.2682837017250441,158.1481295470262
2019-11-27,20.563736263736278,20.655824175824176,6.404432234432236,26.126336996337,2.909781171793593,1536.2747252747254,8.384688644688655,1027.2263736263737,287.3488073317556,31.75,10.369597069597061,93.24688644688644,48.908424908424905,3.5,3.9135670493302155,0.2666666666666666,143.535807132315
2019-11-28,28.019163763066157,18.371672473867598,6.38076655052265,22.90749128919861,2.5912891986062707,1550.4146341463415,9.849960005052782,1030.4017421602794,407.8080055967839,31.75,9.797560975609759,75.70313588850172,51.107096859449456,3.5,0.35380549783226284,0.34909121006831006,163.0223455749008
2019-11-29,26.817708333333307,18.207083333333337,6.354305555555555,33.79071506289938,3.4875520403426195,1628.8090277777778,6.577187499999998,1029.3111111111107,510.60260595231244,31.75,10.762152777777771,76.76423611111107,51.000535921589794,3.5,0.3,0.2543046357615898,141.51354166666687
2019-11-30,22.497894736842092,16.37715789473684,6.370842105263155,41.972568032807835,4.37188444496801,1647.2105263157894,6.333263157894737,1024.1392982456125,254.76491228070176,31.75,12.333333333333336,93.2421052631579,49.11893197652994,3.5,3.0775385846935763,0.23333333333333334,97.3734258245373
2019-12-01,26.95868055555556,31.510381944444433,6.388229166666665,33.062118055555565,4.269298572381905,1927.454861111111,6.498194444444442,1020.8812500000006,253.36458333333334,31.75,9.963541666666687,96.57951388888891,48.947916666666664,3.5,4.3404806252966335,0.5840155875462186,182.2520564582496
2019-12-02,85.38425925925931,87.30974186725653,6.456111111111115,30.531944444444452,3.75499868211897,2228.1574074074074,5.985185185185181,1026.2759259259262,255.25925925925927,31.75,6.224999999999999,88.50092592592591,49.363604566455855,3.5,4.6582453244134445,0.4298689477374303,191.48055555555564
2019-12-03,92.93039780158689,81.090502299899,6.716443661971831,51.40924415121634,4.812060142339892,2212.0413992664335,8.016056338028173,1027.966197183099,549.756537976434,31.75,7.485211267605626,62.46478873239434,51.16872661288694,3.5,,0.35634778036592196,210.94718309859155
2019-12-04,107.13713371853643,82.1484489147877,7.0445296167247395,56.907614489985235,5.447447950705725,2374.3031976114257,6.701010452961675,1029.3358885017417,502.1700197477979,31.75,8.821254355400693,63.435191637630645,50.762570865019484,3.5,,0.29236951663879207,168.01293790939576
2019-12-05,65.73958333333331,56.87535113445977,6.715555555555555,42.17699118998402,4.095167530366803,1973.768922578583,10.580034722222225,1031.8642361111108,576.2457462355399,31.75,10.611458333333339,66.91562499999999,50.98069545661363,3.5,,0.2483050847457627,170.53263888888898
2019-12-06,22.18576388888887,13.45843750000001,6.438402777777772,22.805208333333354,2.483020833333334,1677.576388888889,13.918993055555553,1033.0642361111122,586.4092938436211,31.75,9.051736111111108,65.02708333333325,50.8575077255193,3.5,,0.33309149906686986,128.30387867594627
2019-12-07,43.27222222222222,39.63187499999998,6.581701388888887,40.66436741092019,3.503210365930111,1944.4618055555557,9.484265699479678,1030.555902777777,572.4406871631822,31.75,7.63472222222221,63.88541666666673,51.1733276321524,3.5,,0.285439570345593,171.71249999999998
2019-12-08,80.97812499999993,76.08321859666808,6.9163541666666655,53.652011853995276,4.905380375846879,2274.6044542976374,9.169548611111113,1027.4486111111094,625.4675416592429,31.75,8.348611111111111,64.44583333333335,51.01360540993018,3.5,,0.25999999999999984,180.42638888888897
2019-12-09,91.08710801393731,82.0366899106872,6.721219512195126,52.5263470140959,3.7840408199919784,2223.731707317073,7.447560975609756,1021.7449477351904,537.2916857078269,31.75,10.770731707317086,65.90557491289198,51.20289727570311,3.5,,0.2611940298507463,177.9345406968525
2019-12-10,86.1662018029891,75.96958580740211,6.701742160278742,55.62180108819038,4.709808728875179,2267.7693957057277,7.578397212543552,1017.6142857142861,503.8871485433975,31.75,12.751567944250873,71.53832752613243,51.1231216195671,3.5,,0.320195129206191,85.78576020904738
2019-12-11,107.88142953856509,86.68943768700693,6.7732982456140345,49.67270514959821,4.274513700650632,2449.8996573207246,11.347849273334361,1020.3796491228071,648.3372678078994,31.75,11.621403508771921,72.25824561403508,51.1278606719464,3.5,,0.3161221741540846,160.5056140350878
2019-12-12,43.64366197183097,34.74985915492957,6.419295774647888,41.926197183098616,4.067511068867836,2100.6338028169016,5.168309859154929,1025.7084507042255,559.283986709131,31.75,8.490140845070421,82.52957746478873,47.40845070422535,3.5,,,57.71267605633797
2019-12-13,42.480291970802845,32.46937956204381,6.552153284671535,37.769022623267134,3.2949130275490166,2096.9103355679363,8.89163693959908,1023.3923357664223,612.3120034361807,31.75,12.416423357664232,72.28868613138687,51.120520966236704,3.5,,0.2998260221850559,131.59007291040874
2019-12-14,72.03470149253727,56.24923347241253,6.611865671641788,37.66932491897478,3.8764865338686225,2210.2262650743087,11.477121348694576,1024.9880597014924,365.8913332446192,31.75,12.546268656716421,82.0436567164179,50.895708801227215,3.5,,0.25903627017986597,102.01012380595739
2019-12-15,25.55769230769231,15.846853146853158,6.414195804195798,26.188391608391598,2.41916083916084,1955.6118881118882,11.364854970105405,1022.2566433566443,446.4299256082732,31.75,14.265734265734245,81.3132867132867,51.13586656734473,3.5,,0.21568627450980415,57.11157894736842
2019-12-16,43.720350877193,37.69828070175439,6.4796140350877165,37.670200708965794,4.033743681569776,2151.958621383504,9.340666666666676,1015.5010526315783,263.963909660385,31.75,17.478245614035107,88.0214035087719,51.34650333884781,3.5,,0.2026315789473684,76.80636203507555
2019-12-17,75.85552521123057,69.60768258713625,6.593506944444444,46.15517258227513,5.825270214417339,2482.7998231435963,6.00239583333333,1017.9548611111109,254.15625,31.75,13.700000000000006,94.16354166666673,49.19682930532326,3.5,,0.3349593495934963,201.8906707638769
2019-12-18,38.60245614035091,29.495070757274426,6.443157894736843,21.749929824561416,2.6670877192982454,2091.1793210510987,7.196947368421048,1025.3849122807012,252.99649122807017,31.75,8.581403508771915,91.7045614035088,49.27719298245614,3.5,,0.32755740919596243,152.882807017544
2019-12-19,30.010622710622783,32.577619047619045,6.427692307692306,29.530155683663104,3.8271051843871713,2056.6336996336995,5.955049529121417,1026.845787545787,253.64102564102564,31.75,6.961172161172157,88.66153846153854,50.127119021401946,3.5,,0.280808080808081,177.78827838827823
2019-12-20,42.32473118279572,45.20842293906809,6.493942652329747,32.92677980933715,3.2970688943668818,2193.4372759856633,6.2896057347670205,1027.1580645161293,315.0595415305329,31.75,8.586738351254478,82.49211469534046,50.33486987632576,3.5,,0.252448444405322,116.24874551971328
2019-12-21,35.00109489051091,33.84390510948903,6.456350364963502,31.41237341600384,3.3521393049212787,2118.934306569343,8.071892414051627,1021.7321167883213,255.6970802919708,31.75,10.131751824817506,96.53394160583942,49.55436355223005,3.5,,0.21579230100333416,107.67481751824826
2019-12-22,11.397619047619049,14.455714285714283,6.416666666666667,27.055,3.4621709983275197,2023.595238095238,8.988809523809525,1017.2571428571425,258.73809523809524,31.75,10.802380952380954,99.59761904761903,48.04761904761905,3.5,,,137.72857142857146
2019-12-23,38.27785714285706,38.28764285714283,6.474999999999999,31.02573438817877,3.6159233335997936,2183.6775570457417,8.373535714285715,1020.7082142857132,266.00255090432046,31.75,11.204285714285714,89.89392857142856,51.069742947443075,3.5,0.5595238095238091,0.2634146341463414,95.07060931899643
2019-12-24,49.62857142857143,54.37428571428571,6.3500000000000005,34.64142857142856,2.5857142857142854,2291.4285714285716,4.793571428571428,1021.6285714285715,272.35714285714283,31.75,11.02142857142857,99.53571428571429,48.5,3.5,1.1818181818181819,,70.60000000000001
2019-12-25,30.733333333333327,23.799999999999986,6.471851851851853,29.04222222222222,2.2829629629629626,2051.5555555555557,7.014074074074076,1020.3444444444443,276.0,31.75,11.896296296296297,88.84814814814814,48.03703703703704,3.5,,,62.07777777777778
2019-12-26,32.934859154929605,36.9575,6.457887323943663,6.934154929577464,2.4816901408450702,2384.750562422792,5.278767605633801,1020.1450704225359,276.0,31.75,9.332394366197192,93.14683098591556,48.894366197183096,3.5,0.29999999999999843,0.5584093084009687,204.05281690140822
2019-12-27,71.47638888888916,70.9033041324858,6.6390972222222215,6.951736111111111,2.486805555555554,2422.1560855339408,5.662673611111109,1026.1822916666665,458.992133063878,31.75,6.403124999999994,68.2166666666666,51.16218605792346,3.5,0.3,0.3183098591549297,187.22966264807172
2019-12-28,77.23929824561408,70.24477565970349,6.65873684210526,7.122807017543855,2.4810526315789483,2384.845883825811,7.559779097895764,1023.4399999999997,436.6838512500949,31.75,9.474736842105248,75.26456140350882,50.93670956122652,3.5,,0.23464566929133876,77.30563380281698
2019-12-29,46.34250871080148,46.92142095688979,6.582264808362368,6.992682926829269,2.4958188153310097,2298.1645670945686,5.6634843205574885,1018.9372822299656,315.9776002301345,31.75,13.20905923344946,86.19825783972126,49.80863126379418,3.5,,0.31313131313131326,184.88327526132414
2019-12-30,88.34419475655422,76.13997173524388,6.641760299625468,6.938576779026214,2.485018726591762,2460.107461679501,9.094788469850728,1025.7752808988766,440.59504525103364,31.75,11.052059925093639,79.95805243445695,51.28551130384567,3.5,,0.3833833049964452,173.19586466165424
2019-12-31,28.269642857142845,17.45985714285713,6.480999999999999,6.92392857142857,2.4803571428571405,2076.307142857143,7.189642857142856,1035.2860714285719,593.6397206439816,31.75,4.316785714285711,67.01499999999994,50.930673375297715,3.5,,0.4664437615238983,176.00892857142875
